2026-06-03 04:16:21,574 | INFO | ==================================================
2026-06-03 04:16:21,575 | INFO | CYCLE START: 2026-06-03 04:16:21.574936
2026-06-03 04:16:21,575 | INFO | ==================================================
2026-06-03 04:16:21,575 | INFO | === FETCHING CRYPTO ===
2026-06-03 04:16:25,026 | INFO |   OK BTCUSDT
2026-06-03 04:16:26,945 | INFO |   OK ETHUSDT
2026-06-03 04:16:29,206 | INFO |   OK SOLUSDT
2026-06-03 04:16:31,126 | INFO |   OK SUIUSDT
2026-06-03 04:16:33,261 | INFO |   OK DOGEUSDT
2026-06-03 04:16:35,143 | INFO |   OK UNIUSDT
2026-06-03 04:16:37,059 | INFO |   OK ZECUSDT
2026-06-03 04:16:51,480 | INFO | === FETCHING FOREX ===
2026-06-03 04:17:03,343 | INFO |   OK EURUSD
2026-06-03 04:17:04,919 | INFO |   OK GBPUSD
2026-06-03 04:17:06,230 | INFO |   OK USDJPY
2026-06-03 04:17:07,490 | INFO |   OK AUDUSD
2026-06-03 04:17:08,789 | INFO |   OK USDCAD
2026-06-03 04:17:10,066 | INFO |   OK NZDUSD
2026-06-03 04:17:11,351 | INFO |   OK EURGBP
2026-06-03 04:17:12,625 | INFO |   OK EURJPY
2026-06-03 04:17:12,626 | INFO | === FETCHING STOCKS ===
2026-06-03 04:17:32,228 | INFO | === FETCHING OIL ===
2026-06-03 04:17:33,410 | INFO |   OK WTI
2026-06-03 04:17:34,610 | INFO |   OK BRENT
2026-06-03 04:17:34,610 | INFO | --- Analyzing CRYPTO ---
2026-06-03 04:17:34,612 | INFO | BTC Context: Bearish: LH+LL
2026-06-03 04:17:34,619 | INFO | NO SIGNAL [crypto/BTCUSDT]: No valid setup
2026-06-03 04:17:34,625 | INFO | SIGNAL: ETHUSDT -> SHORT (Score:10.0)
2026-06-03 04:17:34,629 | INFO | SIGNAL: SOLUSDT -> SHORT (Score:10.0)
2026-06-03 04:17:34,635 | INFO | SIGNAL: SUIUSDT -> SHORT (Score:10.0)
2026-06-03 04:17:34,640 | INFO | SIGNAL: DOGEUSDT -> SHORT (Score:10.0)
2026-06-03 04:17:34,645 | INFO | SIGNAL: UNIUSDT -> SHORT (Score:10.0)
2026-06-03 04:17:34,650 | INFO | SIGNAL: ZECUSDT -> LONG (Score:9.2)
2026-06-03 04:17:34,655 | INFO | SIGNAL: 1000SATSUSDT -> SHORT (Score:10.0)
2026-06-03 04:17:34,661 | INFO | SIGNAL: DOGSUSDT -> SHORT (Score:10.0)
2026-06-03 04:17:34,666 | INFO | NO SIGNAL [crypto/NEIROUSDT]: No valid setup
2026-06-03 04:17:34,671 | INFO | NO SIGNAL [crypto/1000PEPEUSDT]: No valid setup
2026-06-03 04:17:34,676 | INFO | NO SIGNAL [crypto/PUMPUSDT]: No valid setup
2026-06-03 04:17:34,681 | INFO | SIGNAL: NOTUSDT -> SHORT (Score:10.0)
2026-06-03 04:17:34,686 | INFO | NO SIGNAL [crypto/MEMEUSDT]: No valid setup
2026-06-03 04:17:34,687 | INFO | --- Analyzing FOREX ---
2026-06-03 04:17:34,689 | INFO | NO SIGNAL [forex/EURUSD]: No valid setup
2026-06-03 04:17:34,691 | INFO | NO SIGNAL [forex/GBPUSD]: No valid setup
2026-06-03 04:17:34,693 | INFO | NO SIGNAL [forex/USDJPY]: No valid setup
2026-06-03 04:17:34,696 | INFO | NO SIGNAL [forex/AUDUSD]: No valid setup
2026-06-03 04:17:34,700 | INFO | NO SIGNAL [forex/USDCAD]: No valid setup
2026-06-03 04:17:34,702 | INFO | NO SIGNAL [forex/NZDUSD]: No valid setup
2026-06-03 04:17:34,704 | INFO | NO SIGNAL [forex/EURGBP]: No valid setup
2026-06-03 04:17:34,706 | INFO | NO SIGNAL [forex/EURJPY]: No valid setup
2026-06-03 04:17:34,707 | INFO | --- Analyzing STOCKS ---
2026-06-03 04:17:34,707 | INFO | --- Analyzing OIL ---
2026-06-03 04:17:34,709 | INFO | NO SIGNAL [oil/WTI]: No valid setup
2026-06-03 04:17:34,711 | INFO | NO SIGNAL [oil/BRENT]: No valid setup
2026-06-03 04:17:34,712 | INFO | === TOTAL VALID SIGNALS: 9 ===
2026-06-03 04:17:36,413 | INFO | Sent 5 FREE signals
2026-06-03 04:18:01,059 | INFO | Sent 5 VIP signals
2026-06-03 04:18:01,065 | INFO | Saved local JSON
2026-06-03 04:18:03,935 | INFO | GitHub sync OK
2026-06-03 04:18:03,948 | INFO | CYCLE COMPLETE. Errors: 0, Signals: 9
2026-06-03 04:18:03,949 | INFO | ==================================================
2026-06-03 06:06:34,715 | INFO | ==================================================
2026-06-03 06:06:34,716 | INFO | CYCLE START: 2026-06-03 06:06:34.716317
2026-06-03 06:06:34,716 | INFO | ==================================================
2026-06-03 06:06:34,717 | INFO | === FETCHING CRYPTO ===
2026-06-03 06:06:38,030 | INFO |   OK BTCUSDT
2026-06-03 06:06:39,786 | INFO |   OK ETHUSDT
2026-06-03 06:06:41,515 | INFO |   OK SOLUSDT
2026-06-03 06:06:43,242 | INFO |   OK SUIUSDT
2026-06-03 06:06:45,269 | INFO |   OK DOGEUSDT
2026-06-03 06:06:46,990 | INFO |   OK UNIUSDT
2026-06-03 06:06:48,693 | INFO |   OK ZECUSDT
2026-06-03 06:07:01,557 | INFO | === FETCHING FOREX ===
2026-06-03 06:07:04,523 | INFO |   OK EURUSD
2026-06-03 06:07:05,742 | INFO |   OK GBPUSD
2026-06-03 06:07:06,972 | INFO |   OK USDJPY
2026-06-03 06:07:08,259 | INFO |   OK AUDUSD
2026-06-03 06:07:09,556 | INFO |   OK USDCAD
2026-06-03 06:07:10,849 | INFO |   OK NZDUSD
2026-06-03 06:07:12,067 | INFO |   OK EURGBP
2026-06-03 06:07:13,307 | INFO |   OK EURJPY
2026-06-03 06:07:13,308 | INFO | === FETCHING STOCKS ===
2026-06-03 06:07:16,140 | WARNING | Stock AAPL: using synthetic data
2026-06-03 06:07:16,150 | INFO |   OK AAPL
2026-06-03 06:07:18,449 | WARNING | Stock MSFT: using synthetic data
2026-06-03 06:07:18,458 | INFO |   OK MSFT
2026-06-03 06:07:20,733 | WARNING | Stock GOOGL: using synthetic data
2026-06-03 06:07:20,743 | INFO |   OK GOOGL
2026-06-03 06:07:23,049 | WARNING | Stock AMZN: using synthetic data
2026-06-03 06:07:23,058 | INFO |   OK AMZN
2026-06-03 06:07:25,449 | WARNING | Stock META: using synthetic data
2026-06-03 06:07:25,458 | INFO |   OK META
2026-06-03 06:07:28,158 | WARNING | Stock TSLA: using synthetic data
2026-06-03 06:07:28,167 | INFO |   OK TSLA
2026-06-03 06:07:30,475 | WARNING | Stock NVDA: using synthetic data
2026-06-03 06:07:30,484 | INFO |   OK NVDA
2026-06-03 06:07:33,054 | WARNING | Stock JPM: using synthetic data
2026-06-03 06:07:33,063 | INFO |   OK JPM
2026-06-03 06:07:33,064 | INFO | === FETCHING OIL ===
2026-06-03 06:07:34,224 | WARNING | Oil WTI: using synthetic data
2026-06-03 06:07:34,233 | INFO |   OK WTI
2026-06-03 06:07:35,404 | WARNING | Oil BRENT: using synthetic data
2026-06-03 06:07:35,413 | INFO |   OK BRENT
2026-06-03 06:07:35,414 | INFO | --- Analyzing CRYPTO ---
2026-06-03 06:07:35,416 | INFO | BTC: Bearish: LH+LL (valid=True)
2026-06-03 06:07:35,422 | INFO | NO SIGNAL [crypto/BTCUSDT]: No setup
2026-06-03 06:07:35,426 | INFO | SIGNAL: ETHUSDT -> SHORT (Score:71.0)
2026-06-03 06:07:35,430 | INFO | NO SIGNAL [crypto/SOLUSDT]: No setup
2026-06-03 06:07:35,434 | INFO | SIGNAL: SUIUSDT -> SHORT (Score:71.0)
2026-06-03 06:07:35,437 | INFO | SIGNAL: DOGEUSDT -> SHORT (Score:71.0)
2026-06-03 06:07:35,441 | INFO | NO SIGNAL [crypto/UNIUSDT]: No setup
2026-06-03 06:07:35,444 | INFO | NO SIGNAL [crypto/ZECUSDT]: No setup
2026-06-03 06:07:35,448 | INFO | SIGNAL: 1000SATSUSDT -> SHORT (Score:71.0)
2026-06-03 06:07:35,452 | INFO | NO SIGNAL [crypto/DOGSUSDT]: No setup
2026-06-03 06:07:35,455 | INFO | NO SIGNAL [crypto/NEIROUSDT]: No setup
2026-06-03 06:07:35,459 | INFO | NO SIGNAL [crypto/1000PEPEUSDT]: No setup
2026-06-03 06:07:35,463 | INFO | SIGNAL: PUMPUSDT -> SHORT (Score:71.0)
2026-06-03 06:07:35,466 | INFO | NO SIGNAL [crypto/NOTUSDT]: No setup
2026-06-03 06:07:35,470 | INFO | NO SIGNAL [crypto/MEMEUSDT]: No setup
2026-06-03 06:07:35,470 | INFO | --- Analyzing FOREX ---
2026-06-03 06:07:35,472 | INFO | NO SIGNAL [forex/EURUSD]: No setup
2026-06-03 06:07:35,474 | INFO | NO SIGNAL [forex/GBPUSD]: No setup
2026-06-03 06:07:35,476 | INFO | NO SIGNAL [forex/USDJPY]: No setup
2026-06-03 06:07:35,477 | INFO | NO SIGNAL [forex/AUDUSD]: No setup
2026-06-03 06:07:35,479 | INFO | NO SIGNAL [forex/USDCAD]: No setup
2026-06-03 06:07:35,481 | INFO | NO SIGNAL [forex/NZDUSD]: No setup
2026-06-03 06:07:35,483 | INFO | NO SIGNAL [forex/EURGBP]: No setup
2026-06-03 06:07:35,484 | INFO | NO SIGNAL [forex/EURJPY]: No setup
2026-06-03 06:07:35,485 | INFO | --- Analyzing STOCKS ---
2026-06-03 06:07:35,486 | INFO | NO SIGNAL [stock/AAPL]: No setup
2026-06-03 06:07:35,488 | INFO | NO SIGNAL [stock/MSFT]: No setup
2026-06-03 06:07:35,489 | INFO | NO SIGNAL [stock/GOOGL]: No setup
2026-06-03 06:07:35,491 | INFO | NO SIGNAL [stock/AMZN]: No setup
2026-06-03 06:07:35,493 | INFO | NO SIGNAL [stock/META]: No setup
2026-06-03 06:07:35,494 | INFO | NO SIGNAL [stock/TSLA]: No setup
2026-06-03 06:07:35,496 | INFO | NO SIGNAL [stock/NVDA]: No setup
2026-06-03 06:07:35,497 | INFO | NO SIGNAL [stock/JPM]: No setup
2026-06-03 06:07:35,498 | INFO | --- Analyzing OIL ---
2026-06-03 06:07:35,499 | INFO | NO SIGNAL [oil/WTI]: No setup
2026-06-03 06:07:35,500 | INFO | NO SIGNAL [oil/BRENT]: No setup
2026-06-03 06:07:35,501 | INFO | === 5 signals | 0 skipped | 0 errors ===
2026-06-03 06:07:36,765 | INFO | Sent 5 FREE signals
2026-06-03 06:07:48,886 | ERROR | Telegram send failed
2026-06-03 06:07:55,237 | INFO | Sent 5 VIP signals
2026-06-03 06:07:55,241 | INFO | Saved local JSON
2026-06-03 06:07:55,244 | INFO | CYCLE COMPLETE
2026-06-03 06:07:55,245 | INFO | ==================================================
2026-06-03 06:30:31,734 | INFO | ==================================================
2026-06-03 06:30:31,735 | INFO | CYCLE START: 2026-06-03 06:30:31.735243
2026-06-03 06:30:31,735 | INFO | ==================================================
2026-06-03 06:30:31,735 | INFO | === FETCHING CRYPTO ===
2026-06-03 06:30:35,034 | INFO |   OK BTCUSDT
2026-06-03 06:30:36,761 | INFO |   OK ETHUSDT
2026-06-03 06:30:38,490 | INFO |   OK SOLUSDT
2026-06-03 06:30:40,211 | INFO |   OK SUIUSDT
2026-06-03 06:30:42,083 | INFO |   OK DOGEUSDT
2026-06-03 06:30:43,868 | INFO |   OK UNIUSDT
2026-06-03 06:30:45,598 | INFO |   OK ZECUSDT
2026-06-03 06:30:58,750 | INFO | === FETCHING FOREX ===
2026-06-03 06:31:01,376 | INFO |   OK EURUSD
2026-06-03 06:31:02,730 | INFO |   OK GBPUSD
2026-06-03 06:31:04,035 | INFO |   OK USDJPY
2026-06-03 06:31:05,399 | INFO |   OK AUDUSD
2026-06-03 06:31:06,698 | INFO |   OK USDCAD
2026-06-03 06:31:08,062 | INFO |   OK NZDUSD
2026-06-03 06:31:09,449 | INFO |   OK EURGBP
2026-06-03 06:31:10,765 | INFO |   OK EURJPY
2026-06-03 06:31:10,766 | INFO | === FETCHING STOCKS ===
2026-06-03 06:31:13,773 | WARNING | Stock AAPL: using synthetic data
2026-06-03 06:31:13,781 | INFO |   OK AAPL
2026-06-03 06:31:16,142 | WARNING | Stock MSFT: using synthetic data
2026-06-03 06:31:16,149 | INFO |   OK MSFT
2026-06-03 06:31:18,532 | WARNING | Stock GOOGL: using synthetic data
2026-06-03 06:31:18,540 | INFO |   OK GOOGL
2026-06-03 06:31:20,936 | WARNING | Stock AMZN: using synthetic data
2026-06-03 06:31:20,947 | INFO |   OK AMZN
2026-06-03 06:31:23,354 | WARNING | Stock META: using synthetic data
2026-06-03 06:31:23,362 | INFO |   OK META
2026-06-03 06:31:26,040 | WARNING | Stock TSLA: using synthetic data
2026-06-03 06:31:26,050 | INFO |   OK TSLA
2026-06-03 06:31:28,389 | WARNING | Stock NVDA: using synthetic data
2026-06-03 06:31:28,396 | INFO |   OK NVDA
2026-06-03 06:31:30,765 | WARNING | Stock JPM: using synthetic data
2026-06-03 06:31:30,775 | INFO |   OK JPM
2026-06-03 06:31:30,776 | INFO | === FETCHING OIL ===
2026-06-03 06:31:31,977 | WARNING | Oil WTI: using synthetic data
2026-06-03 06:31:31,985 | INFO |   OK WTI
2026-06-03 06:31:33,165 | WARNING | Oil BRENT: using synthetic data
2026-06-03 06:31:33,178 | INFO |   OK BRENT
2026-06-03 06:31:33,178 | INFO | --- Analyzing CRYPTO ---
2026-06-03 06:31:33,179 | INFO | BTC: Bearish: LH+LL (valid=True)
2026-06-03 06:31:33,184 | INFO | NO SIGNAL [crypto/BTCUSDT]: No setup
2026-06-03 06:31:33,189 | INFO | SIGNAL: ETHUSDT -> SHORT (Score:73.5)
2026-06-03 06:31:33,193 | INFO | SIGNAL: SOLUSDT -> SHORT (Score:76.0)
2026-06-03 06:31:33,197 | INFO | SIGNAL: SUIUSDT -> SHORT (Score:78.5)
2026-06-03 06:31:33,202 | INFO | SIGNAL: DOGEUSDT -> SHORT (Score:76.0)
2026-06-03 06:31:33,206 | INFO | SIGNAL: UNIUSDT -> SHORT (Score:76.0)
2026-06-03 06:31:33,210 | INFO | SIGNAL: ZECUSDT -> SHORT (Score:72.2)
2026-06-03 06:31:33,215 | INFO | SIGNAL: 1000SATSUSDT -> SHORT (Score:76.0)
2026-06-03 06:31:33,219 | INFO | NO SIGNAL [crypto/DOGSUSDT]: No setup
2026-06-03 06:31:33,223 | INFO | NO SIGNAL [crypto/NEIROUSDT]: No setup
2026-06-03 06:31:33,228 | INFO | NO SIGNAL [crypto/1000PEPEUSDT]: No setup
2026-06-03 06:31:33,232 | INFO | SIGNAL: PUMPUSDT -> SHORT (Score:73.5)
2026-06-03 06:31:33,236 | INFO | NO SIGNAL [crypto/NOTUSDT]: No setup
2026-06-03 06:31:33,240 | INFO | NO SIGNAL [crypto/MEMEUSDT]: No setup
2026-06-03 06:31:33,241 | INFO | --- Analyzing FOREX ---
2026-06-03 06:31:33,243 | INFO | NO SIGNAL [forex/EURUSD]: No setup
2026-06-03 06:31:33,245 | INFO | NO SIGNAL [forex/GBPUSD]: No setup
2026-06-03 06:31:33,247 | INFO | NO SIGNAL [forex/USDJPY]: No setup
2026-06-03 06:31:33,249 | INFO | NO SIGNAL [forex/AUDUSD]: No setup
2026-06-03 06:31:33,251 | INFO | NO SIGNAL [forex/USDCAD]: No setup
2026-06-03 06:31:33,253 | INFO | NO SIGNAL [forex/NZDUSD]: No setup
2026-06-03 06:31:33,255 | INFO | NO SIGNAL [forex/EURGBP]: No setup
2026-06-03 06:31:33,257 | INFO | NO SIGNAL [forex/EURJPY]: No setup
2026-06-03 06:31:33,257 | INFO | --- Analyzing STOCKS ---
2026-06-03 06:31:33,259 | INFO | NO SIGNAL [stock/AAPL]: No setup
2026-06-03 06:31:33,261 | INFO | NO SIGNAL [stock/MSFT]: No setup
2026-06-03 06:31:33,263 | INFO | NO SIGNAL [stock/GOOGL]: No setup
2026-06-03 06:31:33,265 | INFO | NO SIGNAL [stock/AMZN]: No setup
2026-06-03 06:31:33,267 | INFO | NO SIGNAL [stock/META]: No setup
2026-06-03 06:31:33,269 | INFO | NO SIGNAL [stock/TSLA]: No setup
2026-06-03 06:31:33,271 | INFO | NO SIGNAL [stock/NVDA]: No setup
2026-06-03 06:31:33,273 | INFO | NO SIGNAL [stock/JPM]: No setup
2026-06-03 06:31:33,273 | INFO | --- Analyzing OIL ---
2026-06-03 06:31:33,275 | INFO | NO SIGNAL [oil/WTI]: No setup
2026-06-03 06:31:33,277 | INFO | NO SIGNAL [oil/BRENT]: No setup
2026-06-03 06:31:33,277 | INFO | === 8 signals | 0 skipped | 0 errors ===
2026-06-03 06:31:40,952 | ERROR | Telegram send failed
2026-06-03 06:31:41,012 | INFO | Sent 5 FREE signals
2026-06-03 06:31:52,972 | INFO | Sent 5 VIP signals
2026-06-03 06:31:52,977 | INFO | Saved local JSON
2026-06-03 06:31:52,982 | INFO | CYCLE COMPLETE
2026-06-03 06:31:52,984 | INFO | ==================================================
2026-06-03 07:31:52,997 | INFO | ==================================================
2026-06-03 07:31:53,010 | INFO | CYCLE START: 2026-06-03 07:31:53.009826
2026-06-03 07:31:53,010 | INFO | ==================================================
2026-06-03 07:31:53,011 | INFO | === FETCHING CRYPTO ===
2026-06-03 07:31:56,325 | INFO |   OK BTCUSDT
2026-06-03 07:31:58,331 | INFO |   OK ETHUSDT
2026-06-03 07:32:00,168 | INFO |   OK SOLUSDT
2026-06-03 07:32:02,037 | INFO |   OK SUIUSDT
2026-06-03 07:32:03,916 | INFO |   OK DOGEUSDT
2026-06-03 07:32:05,756 | INFO |   OK UNIUSDT
2026-06-03 07:32:07,610 | INFO |   OK ZECUSDT
2026-06-03 07:32:21,095 | INFO | === FETCHING FOREX ===
2026-06-03 07:32:23,627 | INFO |   OK EURUSD
2026-06-03 07:32:24,874 | INFO |   OK GBPUSD
2026-06-03 07:32:26,145 | INFO |   OK USDJPY
2026-06-03 07:32:27,439 | INFO |   OK AUDUSD
2026-06-03 07:32:28,688 | INFO |   OK USDCAD
2026-06-03 07:32:29,964 | INFO |   OK NZDUSD
2026-06-03 07:32:31,308 | INFO |   OK EURGBP
2026-06-03 07:32:32,562 | INFO |   OK EURJPY
2026-06-03 07:32:32,564 | INFO | === FETCHING STOCKS ===
2026-06-03 07:32:36,010 | WARNING | Stock AAPL: using synthetic data
2026-06-03 07:32:36,014 | INFO |   OK AAPL
2026-06-03 07:32:38,347 | WARNING | Stock MSFT: using synthetic data
2026-06-03 07:32:38,357 | INFO |   OK MSFT
2026-06-03 07:32:40,717 | WARNING | Stock GOOGL: using synthetic data
2026-06-03 07:32:40,727 | INFO |   OK GOOGL
2026-06-03 07:32:43,047 | WARNING | Stock AMZN: using synthetic data
2026-06-03 07:32:43,052 | INFO |   OK AMZN
2026-06-03 07:32:45,387 | WARNING | Stock META: using synthetic data
2026-06-03 07:32:45,391 | INFO |   OK META
2026-06-03 07:32:47,727 | WARNING | Stock TSLA: using synthetic data
2026-06-03 07:32:47,735 | INFO |   OK TSLA
2026-06-03 07:32:50,091 | WARNING | Stock NVDA: using synthetic data
2026-06-03 07:32:50,095 | INFO |   OK NVDA
2026-06-03 07:32:52,576 | WARNING | Stock JPM: using synthetic data
2026-06-03 07:32:52,582 | INFO |   OK JPM
2026-06-03 07:32:52,582 | INFO | === FETCHING OIL ===
2026-06-03 07:32:53,783 | WARNING | Oil WTI: using synthetic data
2026-06-03 07:32:53,787 | INFO |   OK WTI
2026-06-03 07:32:54,976 | WARNING | Oil BRENT: using synthetic data
2026-06-03 07:32:54,980 | INFO |   OK BRENT
2026-06-03 07:32:54,981 | INFO | --- Analyzing CRYPTO ---
2026-06-03 07:32:54,982 | INFO | BTC: Bearish: LH+LL (valid=True)
2026-06-03 07:32:54,988 | INFO | SIGNAL: BTCUSDT -> SHORT (Score:78.5)
2026-06-03 07:32:54,992 | INFO | SIGNAL: ETHUSDT -> SHORT (Score:76.0)
2026-06-03 07:32:54,996 | INFO | NO SIGNAL [crypto/SOLUSDT]: No setup
2026-06-03 07:32:55,000 | INFO | NO SIGNAL [crypto/SUIUSDT]: No setup
2026-06-03 07:32:55,005 | INFO | NO SIGNAL [crypto/DOGEUSDT]: No setup
2026-06-03 07:32:55,009 | INFO | NO SIGNAL [crypto/UNIUSDT]: No setup
2026-06-03 07:32:55,013 | WARNING | SKIP [ZECUSDT]: BTC bearish, ZECUSDT LONG blocked
2026-06-03 07:32:55,013 | INFO | NO SIGNAL [crypto/ZECUSDT]: No setup
2026-06-03 07:32:55,017 | INFO | NO SIGNAL [crypto/1000SATSUSDT]: No setup
2026-06-03 07:32:55,021 | INFO | NO SIGNAL [crypto/DOGSUSDT]: No setup
2026-06-03 07:32:55,025 | INFO | NO SIGNAL [crypto/NEIROUSDT]: No setup
2026-06-03 07:32:55,029 | INFO | NO SIGNAL [crypto/1000PEPEUSDT]: No setup
2026-06-03 07:32:55,033 | INFO | NO SIGNAL [crypto/PUMPUSDT]: No setup
2026-06-03 07:32:55,038 | INFO | NO SIGNAL [crypto/NOTUSDT]: No setup
2026-06-03 07:32:55,042 | INFO | NO SIGNAL [crypto/MEMEUSDT]: No setup
2026-06-03 07:32:55,043 | INFO | --- Analyzing FOREX ---
2026-06-03 07:32:55,045 | INFO | NO SIGNAL [forex/EURUSD]: No setup
2026-06-03 07:32:55,047 | INFO | NO SIGNAL [forex/GBPUSD]: No setup
2026-06-03 07:32:55,049 | INFO | NO SIGNAL [forex/USDJPY]: No setup
2026-06-03 07:32:55,051 | INFO | NO SIGNAL [forex/AUDUSD]: No setup
2026-06-03 07:32:55,053 | INFO | NO SIGNAL [forex/USDCAD]: No setup
2026-06-03 07:32:55,055 | INFO | NO SIGNAL [forex/NZDUSD]: No setup
2026-06-03 07:32:55,057 | INFO | NO SIGNAL [forex/EURGBP]: No setup
2026-06-03 07:32:55,061 | INFO | NO SIGNAL [forex/EURJPY]: No setup
2026-06-03 07:32:55,061 | INFO | --- Analyzing STOCKS ---
2026-06-03 07:32:55,063 | INFO | NO SIGNAL [stock/AAPL]: No setup
2026-06-03 07:32:55,065 | INFO | NO SIGNAL [stock/MSFT]: No setup
2026-06-03 07:32:55,067 | INFO | NO SIGNAL [stock/GOOGL]: No setup
2026-06-03 07:32:55,069 | INFO | NO SIGNAL [stock/AMZN]: No setup
2026-06-03 07:32:55,071 | INFO | NO SIGNAL [stock/META]: No setup
2026-06-03 07:32:55,073 | INFO | NO SIGNAL [stock/TSLA]: No setup
2026-06-03 07:32:55,075 | INFO | NO SIGNAL [stock/NVDA]: No setup
2026-06-03 07:32:55,077 | INFO | NO SIGNAL [stock/JPM]: No setup
2026-06-03 07:32:55,077 | INFO | --- Analyzing OIL ---
2026-06-03 07:32:55,079 | INFO | NO SIGNAL [oil/WTI]: No setup
2026-06-03 07:32:55,081 | INFO | NO SIGNAL [oil/BRENT]: No setup
2026-06-03 07:32:55,082 | INFO | === 2 signals | 1 skipped | 1 errors ===
2026-06-03 07:33:03,022 | ERROR | Telegram send failed
2026-06-03 07:33:03,142 | INFO | Sent 2 FREE signals
2026-06-03 07:33:08,236 | INFO | Sent 2 VIP signals
2026-06-03 07:33:08,239 | INFO | Saved local JSON
2026-06-03 07:33:08,240 | INFO | CYCLE COMPLETE
2026-06-03 07:33:08,240 | INFO | ==================================================
2026-06-03 07:46:51,944 | INFO | ==================================================
2026-06-03 07:46:51,945 | INFO | CYCLE START: 2026-06-03 07:46:51.945312
2026-06-03 07:46:51,945 | INFO | ==================================================
2026-06-03 07:46:51,946 | INFO | === FETCHING CRYPTO ===
2026-06-03 07:46:55,343 | INFO |   OK BTCUSDT
2026-06-03 07:46:57,131 | INFO |   OK ETHUSDT
2026-06-03 07:46:58,872 | INFO |   OK SOLUSDT
2026-06-03 07:47:00,626 | INFO |   OK SUIUSDT
2026-06-03 07:47:02,354 | INFO |   OK DOGEUSDT
2026-06-03 07:47:04,056 | INFO |   OK UNIUSDT
2026-06-03 07:47:05,828 | INFO |   OK ZECUSDT
2026-06-03 07:47:19,018 | INFO | === FETCHING FOREX ===
2026-06-03 07:47:21,657 | INFO |   OK EURUSD
2026-06-03 07:47:22,982 | INFO |   OK GBPUSD
2026-06-03 07:47:48,808 | ERROR | TwelveData fetch: USDJPY
2026-06-03 07:47:49,001 | INFO |   OK USDJPY
2026-06-03 07:48:02,812 | INFO |   OK AUDUSD
2026-06-03 07:48:04,076 | INFO |   OK USDCAD
2026-06-03 07:48:29,888 | ERROR | TwelveData fetch: NZDUSD
2026-06-03 07:48:29,986 | INFO |   OK NZDUSD
2026-06-03 07:48:55,881 | ERROR | TwelveData fetch: EURGBP
2026-06-03 07:48:56,009 | INFO |   OK EURGBP
2026-06-03 07:49:03,515 | INFO |   OK EURJPY
2026-06-03 07:49:03,515 | INFO | === FETCHING STOCKS ===
2026-06-03 07:49:05,625 | INFO |   OK AAPL
2026-06-03 07:49:31,909 | ERROR | TwelveData fetch: MSFT
2026-06-03 07:49:33,677 | WARNING | Stock MSFT: using synthetic data
2026-06-03 07:49:33,683 | INFO |   OK MSFT
2026-06-03 07:50:02,177 | INFO |   OK GOOGL
2026-06-03 07:50:05,372 | INFO |   OK AMZN
2026-06-03 07:50:31,225 | ERROR | TwelveData fetch: META
2026-06-03 07:50:32,409 | WARNING | Stock META: using synthetic data
2026-06-03 07:50:32,414 | INFO |   OK META
2026-06-03 07:50:58,258 | ERROR | TwelveData fetch: TSLA
2026-06-03 07:50:59,427 | WARNING | Stock TSLA: using synthetic data
2026-06-03 07:50:59,432 | INFO |   OK TSLA
2026-06-03 07:51:01,906 | INFO |   OK NVDA
2026-06-03 07:51:03,830 | INFO |   OK JPM
2026-06-03 07:51:03,831 | INFO | === FETCHING OIL ===
2026-06-03 07:51:29,724 | ERROR | TwelveData fetch: OIL/USD
2026-06-03 07:51:29,747 | WARNING | Oil WTI: using synthetic data
2026-06-03 07:51:29,751 | INFO |   OK WTI
2026-06-03 07:51:55,532 | ERROR | TwelveData fetch: BRENT/USD
2026-06-03 07:51:55,551 | WARNING | Oil BRENT: using synthetic data
2026-06-03 07:51:55,554 | INFO |   OK BRENT
2026-06-03 07:51:55,555 | INFO | --- Analyzing CRYPTO ---
2026-06-03 07:51:55,556 | INFO | BTC: Bearish: LH+LL (valid=True)
2026-06-03 07:51:55,560 | INFO | NO SIGNAL [crypto/BTCUSDT]: No setup
2026-06-03 07:51:55,563 | INFO | NO SIGNAL [crypto/ETHUSDT]: No setup
2026-06-03 07:51:55,568 | INFO | NO SIGNAL [crypto/SOLUSDT]: No setup
2026-06-03 07:51:55,571 | INFO | NO SIGNAL [crypto/SUIUSDT]: No setup
2026-06-03 07:51:55,575 | INFO | NO SIGNAL [crypto/DOGEUSDT]: No setup
2026-06-03 07:51:55,579 | INFO | NO SIGNAL [crypto/UNIUSDT]: No setup
2026-06-03 07:51:55,583 | INFO | SIGNAL: ZECUSDT -> LONG (Score:88.5)
2026-06-03 07:51:55,588 | INFO | NO SIGNAL [crypto/1000SATSUSDT]: No setup
2026-06-03 07:51:55,592 | INFO | NO SIGNAL [crypto/DOGSUSDT]: No setup
2026-06-03 07:51:55,596 | INFO | NO SIGNAL [crypto/NEIROUSDT]: No setup
2026-06-03 07:51:55,600 | INFO | NO SIGNAL [crypto/1000PEPEUSDT]: No setup
2026-06-03 07:51:55,604 | INFO | NO SIGNAL [crypto/PUMPUSDT]: No setup
2026-06-03 07:51:55,608 | INFO | NO SIGNAL [crypto/NOTUSDT]: No setup
2026-06-03 07:51:55,613 | INFO | NO SIGNAL [crypto/MEMEUSDT]: No setup
2026-06-03 07:51:55,613 | INFO | --- Analyzing FOREX ---
2026-06-03 07:51:55,616 | INFO | NO SIGNAL [forex/EURUSD]: No setup
2026-06-03 07:51:55,619 | INFO | NO SIGNAL [forex/GBPUSD]: No setup
2026-06-03 07:51:55,623 | INFO | NO SIGNAL [forex/USDJPY]: No setup
2026-06-03 07:51:55,625 | INFO | NO SIGNAL [forex/AUDUSD]: No setup
2026-06-03 07:51:55,627 | INFO | NO SIGNAL [forex/USDCAD]: No setup
2026-06-03 07:51:55,629 | INFO | NO SIGNAL [forex/NZDUSD]: No setup
2026-06-03 07:51:55,631 | INFO | NO SIGNAL [forex/EURGBP]: No setup
2026-06-03 07:51:55,632 | INFO | NO SIGNAL [forex/EURJPY]: No setup
2026-06-03 07:51:55,633 | INFO | --- Analyzing STOCKS ---
2026-06-03 07:51:55,637 | INFO | NO SIGNAL [stock/AAPL]: No setup
2026-06-03 07:51:55,639 | INFO | NO SIGNAL [stock/MSFT]: No setup
2026-06-03 07:51:55,643 | INFO | NO SIGNAL [stock/GOOGL]: No setup
2026-06-03 07:51:55,647 | INFO | NO SIGNAL [stock/AMZN]: No setup
2026-06-03 07:51:55,649 | INFO | NO SIGNAL [stock/META]: No setup
2026-06-03 07:51:55,651 | INFO | NO SIGNAL [stock/TSLA]: No setup
2026-06-03 07:51:55,654 | INFO | NO SIGNAL [stock/NVDA]: No setup
2026-06-03 07:51:55,659 | INFO | SIGNAL: JPM -> LONG (Score:77.4)
2026-06-03 07:51:55,659 | INFO | --- Analyzing OIL ---
2026-06-03 07:51:55,661 | INFO | NO SIGNAL [oil/WTI]: No setup
2026-06-03 07:51:55,662 | INFO | NO SIGNAL [oil/BRENT]: No setup
2026-06-03 07:51:55,663 | INFO | === 2 signals | 0 skipped | 8 errors ===
2026-06-03 07:51:57,347 | INFO | Sent 2 FREE signals
2026-06-03 07:52:13,362 | INFO | Sent 2 VIP signals
2026-06-03 07:52:13,370 | INFO | Saved local JSON
2026-06-03 07:52:15,308 | INFO | GitHub push OK
2026-06-03 07:52:15,318 | INFO | CYCLE COMPLETE
2026-06-03 07:52:15,318 | INFO | ==================================================
2026-06-03 13:47:39,665 | INFO | ==================================================
2026-06-03 13:47:39,667 | INFO | CYCLE START: 2026-06-03 13:47:39.667484
2026-06-03 13:47:39,668 | INFO | ==================================================
2026-06-03 13:47:39,668 | INFO | === FETCHING CRYPTO ===
2026-06-03 13:47:40,943 | INFO |   OK BTCUSDT
2026-06-03 13:47:41,518 | INFO |   OK ETHUSDT
2026-06-03 13:47:42,103 | INFO |   OK SOLUSDT
2026-06-03 13:47:42,667 | INFO |   OK SUIUSDT
2026-06-03 13:47:43,219 | INFO |   OK DOGEUSDT
2026-06-03 13:47:43,793 | INFO |   OK UNIUSDT
2026-06-03 13:47:44,385 | INFO |   OK ZECUSDT
2026-06-03 13:47:49,448 | INFO | === FETCHING FOREX ===
2026-06-03 13:47:51,495 | INFO |   OK EURUSD
2026-06-03 13:47:52,809 | INFO |   OK GBPUSD
2026-06-03 13:48:06,605 | INFO |   OK USDJPY
2026-06-03 13:48:07,919 | INFO |   OK AUDUSD
2026-06-03 13:48:33,822 | ERROR | TwelveData fetch: USDCAD
2026-06-03 13:48:33,946 | INFO |   OK USDCAD
2026-06-03 13:49:01,340 | INFO |   OK NZDUSD
2026-06-03 13:49:02,714 | INFO |   OK EURGBP
2026-06-03 13:49:28,621 | ERROR | TwelveData fetch: EURJPY
2026-06-03 13:49:28,713 | INFO |   OK EURJPY
2026-06-03 13:49:28,714 | INFO | === FETCHING STOCKS ===
2026-06-03 13:49:54,582 | ERROR | TwelveData fetch: AAPL
2026-06-03 13:49:56,093 | WARNING | Stock AAPL: using synthetic data
2026-06-03 13:49:56,099 | INFO |   OK AAPL
2026-06-03 13:50:04,471 | INFO |   OK MSFT
2026-06-03 13:50:06,249 | INFO |   OK GOOGL
2026-06-03 13:50:32,367 | ERROR | TwelveData fetch: AMZN
2026-06-03 13:50:33,597 | WARNING | Stock AMZN: using synthetic data
2026-06-03 13:50:33,603 | INFO |   OK AMZN
2026-06-03 13:51:00,472 | INFO |   OK META
2026-06-03 13:51:02,568 | INFO |   OK TSLA
2026-06-03 13:51:28,508 | ERROR | TwelveData fetch: NVDA
2026-06-03 13:51:29,722 | WARNING | Stock NVDA: using synthetic data
2026-06-03 13:51:29,728 | INFO |   OK NVDA
2026-06-03 13:51:55,650 | ERROR | TwelveData fetch: JPM
2026-06-03 13:51:56,956 | WARNING | Stock JPM: using synthetic data
2026-06-03 13:51:56,961 | INFO |   OK JPM
2026-06-03 13:51:56,962 | INFO | === FETCHING OIL ===
2026-06-03 13:52:00,513 | WARNING | Oil WTI: using synthetic data
2026-06-03 13:52:00,520 | INFO |   OK WTI
2026-06-03 13:52:01,866 | WARNING | Oil BRENT: using synthetic data
2026-06-03 13:52:01,871 | INFO |   OK BRENT
2026-06-03 13:52:01,871 | INFO | --- Analyzing CRYPTO ---
2026-06-03 13:52:01,872 | INFO | BTC: Structure broken (valid=False)
2026-06-03 13:52:01,877 | INFO | NO SIGNAL [crypto/BTCUSDT]: No setup
2026-06-03 13:52:01,882 | INFO | SIGNAL: ETHUSDT -> LONG (Score:67.2)
2026-06-03 13:52:01,887 | INFO | SIGNAL: SOLUSDT -> LONG (Score:76.8)
2026-06-03 13:52:01,892 | INFO | SIGNAL: SUIUSDT -> LONG (Score:74.2)
2026-06-03 13:52:01,897 | INFO | NO SIGNAL [crypto/DOGEUSDT]: No setup
2026-06-03 13:52:01,902 | INFO | NO SIGNAL [crypto/UNIUSDT]: No setup
2026-06-03 13:52:01,907 | INFO | SIGNAL: ZECUSDT -> LONG (Score:81.0)
2026-06-03 13:52:01,912 | INFO | NO SIGNAL [crypto/1000SATSUSDT]: No setup
2026-06-03 13:52:01,917 | INFO | SIGNAL: DOGSUSDT -> LONG (Score:72.5)
2026-06-03 13:52:01,922 | INFO | SIGNAL: NEIROUSDT -> LONG (Score:89.8)
2026-06-03 13:52:01,927 | INFO | NO SIGNAL [crypto/1000PEPEUSDT]: No setup
2026-06-03 13:52:01,932 | INFO | SIGNAL: PUMPUSDT -> LONG (Score:89.8)
2026-06-03 13:52:01,937 | INFO | SIGNAL: NOTUSDT -> LONG (Score:80.5)
2026-06-03 13:52:01,942 | INFO | NO SIGNAL [crypto/MEMEUSDT]: No setup
2026-06-03 13:52:01,942 | INFO | --- Analyzing FOREX ---
2026-06-03 13:52:01,945 | INFO | NO SIGNAL [forex/EURUSD]: No setup
2026-06-03 13:52:01,947 | INFO | NO SIGNAL [forex/GBPUSD]: No setup
2026-06-03 13:52:01,949 | INFO | NO SIGNAL [forex/USDJPY]: No setup
2026-06-03 13:52:01,952 | INFO | NO SIGNAL [forex/AUDUSD]: No setup
2026-06-03 13:52:01,954 | INFO | NO SIGNAL [forex/USDCAD]: No setup
2026-06-03 13:52:01,956 | INFO | NO SIGNAL [forex/NZDUSD]: No setup
2026-06-03 13:52:01,959 | INFO | NO SIGNAL [forex/EURGBP]: No setup
2026-06-03 13:52:01,961 | INFO | NO SIGNAL [forex/EURJPY]: No setup
2026-06-03 13:52:01,961 | INFO | --- Analyzing STOCKS ---
2026-06-03 13:52:01,964 | INFO | NO SIGNAL [stock/AAPL]: No setup
2026-06-03 13:52:01,969 | INFO | SIGNAL: MSFT -> SHORT (Score:64.8)
2026-06-03 13:52:01,974 | INFO | NO SIGNAL [stock/GOOGL]: No setup
2026-06-03 13:52:01,976 | INFO | NO SIGNAL [stock/AMZN]: No setup
2026-06-03 13:52:01,981 | INFO | SIGNAL: META -> SHORT (Score:71.0)
2026-06-03 13:52:01,986 | INFO | NO SIGNAL [stock/TSLA]: No setup
2026-06-03 13:52:01,989 | INFO | NO SIGNAL [stock/NVDA]: No setup
2026-06-03 13:52:01,991 | INFO | NO SIGNAL [stock/JPM]: No setup
2026-06-03 13:52:01,991 | INFO | --- Analyzing OIL ---
2026-06-03 13:52:01,994 | INFO | NO SIGNAL [oil/WTI]: No setup
2026-06-03 13:52:01,996 | INFO | NO SIGNAL [oil/BRENT]: No setup
2026-06-03 13:52:01,997 | INFO | === 10 signals | 0 skipped | 6 errors ===
2026-06-03 13:52:03,412 | INFO | Sent 7 FREE signals
2026-06-03 13:52:09,646 | INFO | Sent 7 VIP signals
2026-06-03 13:52:09,653 | INFO | Saved local JSON
2026-06-03 13:52:11,418 | INFO | GitHub push OK
2026-06-03 13:52:11,432 | INFO | CYCLE COMPLETE
2026-06-03 13:52:11,432 | INFO | ==================================================
2026-06-03 15:31:01,540 | INFO | ==================================================
2026-06-03 15:31:01,542 | INFO | CYCLE START: 2026-06-03 15:31:01.541959
2026-06-03 15:31:01,542 | INFO | ==================================================
2026-06-03 15:31:01,542 | INFO | === FETCHING CRYPTO ===
2026-06-03 15:31:02,600 | INFO |   OK BTCUSDT
2026-06-03 15:31:03,146 | INFO |   OK ETHUSDT
2026-06-03 15:31:03,707 | INFO |   OK SOLUSDT
2026-06-03 15:31:04,223 | INFO |   OK SUIUSDT
2026-06-03 15:31:04,785 | INFO |   OK DOGEUSDT
2026-06-03 15:31:05,309 | INFO |   OK UNIUSDT
2026-06-03 15:31:05,885 | INFO |   OK ZECUSDT
2026-06-03 15:31:11,233 | INFO | === FETCHING FOREX ===
2026-06-03 15:31:12,832 | WARNING | Forex EURUSD: API data invalid, using synthetic
2026-06-03 15:31:13,228 | INFO |   OK EURUSD
2026-06-03 15:31:14,459 | WARNING | Forex GBPUSD: API data invalid, using synthetic
2026-06-03 15:31:14,527 | INFO |   OK GBPUSD
2026-06-03 15:31:40,384 | ERROR | TwelveData fetch: USDJPY
2026-06-03 15:31:40,424 | WARNING | Forex USDJPY: API data invalid, using synthetic
2026-06-03 15:31:40,497 | INFO |   OK USDJPY
2026-06-03 15:32:07,381 | WARNING | Forex AUDUSD: API data invalid, using synthetic
2026-06-03 15:32:07,446 | INFO |   OK AUDUSD
2026-06-03 15:32:08,673 | WARNING | Forex USDCAD: API data invalid, using synthetic
2026-06-03 15:32:08,743 | INFO |   OK USDCAD
2026-06-03 15:32:34,709 | ERROR | TwelveData fetch: NZDUSD
2026-06-03 15:32:34,736 | WARNING | Forex NZDUSD: API data invalid, using synthetic
2026-06-03 15:32:34,806 | INFO |   OK NZDUSD
2026-06-03 15:33:01,723 | WARNING | Forex EURGBP: API data invalid, using synthetic
2026-06-03 15:33:01,810 | INFO |   OK EURGBP
2026-06-03 15:33:03,112 | WARNING | Forex EURJPY: API data invalid, using synthetic
2026-06-03 15:33:03,194 | INFO |   OK EURJPY
2026-06-03 15:33:03,195 | INFO | === FETCHING STOCKS ===
2026-06-03 15:33:29,098 | ERROR | TwelveData fetch: AAPL
2026-06-03 15:33:29,125 | WARNING | Stock AAPL: API data invalid, using synthetic
2026-06-03 15:33:30,727 | WARNING | Stock AAPL: API data invalid, using synthetic
2026-06-03 15:33:30,727 | WARNING | Stock AAPL: using synthetic data
2026-06-03 15:33:30,733 | INFO |   OK AAPL
2026-06-03 15:33:56,594 | ERROR | TwelveData fetch: MSFT
2026-06-03 15:33:56,620 | WARNING | Stock MSFT: API data invalid, using synthetic
2026-06-03 15:33:57,778 | WARNING | Stock MSFT: API data invalid, using synthetic
2026-06-03 15:33:57,779 | WARNING | Stock MSFT: using synthetic data
2026-06-03 15:33:57,784 | INFO |   OK MSFT
2026-06-03 15:34:01,594 | INFO |   OK GOOGL
2026-06-03 15:34:03,813 | INFO |   OK AMZN
2026-06-03 15:34:29,664 | ERROR | TwelveData fetch: META
2026-06-03 15:34:29,689 | WARNING | Stock META: API data invalid, using synthetic
2026-06-03 15:34:31,982 | WARNING | Stock META: API data invalid, using synthetic
2026-06-03 15:34:31,983 | WARNING | Stock META: using synthetic data
2026-06-03 15:34:31,988 | INFO |   OK META
2026-06-03 15:34:57,864 | ERROR | TwelveData fetch: TSLA
2026-06-03 15:34:57,889 | WARNING | Stock TSLA: API data invalid, using synthetic
2026-06-03 15:34:59,048 | WARNING | Stock TSLA: API data invalid, using synthetic
2026-06-03 15:34:59,048 | WARNING | Stock TSLA: using synthetic data
2026-06-03 15:34:59,053 | INFO |   OK TSLA
2026-06-03 15:35:01,458 | INFO |   OK NVDA
2026-06-03 15:35:04,134 | INFO |   OK JPM
2026-06-03 15:35:04,135 | INFO | === FETCHING OIL ===
2026-06-03 15:35:29,983 | ERROR | TwelveData fetch: OIL/USD
2026-06-03 15:35:30,009 | WARNING | Oil WTI: API data invalid, using synthetic
2026-06-03 15:35:30,009 | WARNING | Oil WTI: using synthetic data
2026-06-03 15:35:30,015 | INFO |   OK WTI
2026-06-03 15:35:55,859 | ERROR | TwelveData fetch: BRENT/USD
2026-06-03 15:35:55,885 | WARNING | Oil BRENT: API data invalid, using synthetic
2026-06-03 15:35:55,885 | WARNING | Oil BRENT: using synthetic data
2026-06-03 15:35:55,890 | INFO |   OK BRENT
2026-06-03 15:35:55,891 | INFO | MARKET RAW COUNTS: crypto=14 forex=8 stock=8 oil=2
2026-06-03 15:35:55,891 | INFO | --- Analyzing CRYPTO ---
2026-06-03 15:35:55,892 | INFO | BTC: Bearish: LH+LL (valid=True)
2026-06-03 15:35:55,898 | INFO | SIGNAL: BTCUSDT -> SHORT (Score:88.0)
2026-06-03 15:35:55,903 | INFO | NO SIGNAL [crypto/ETHUSDT]: No setup
2026-06-03 15:35:55,908 | INFO | NO SIGNAL [crypto/SOLUSDT]: No setup
2026-06-03 15:35:55,914 | INFO | SIGNAL: SUIUSDT -> LONG (Score:71.5)
2026-06-03 15:35:55,919 | INFO | SIGNAL: DOGEUSDT -> SHORT (Score:87.0)
2026-06-03 15:35:55,924 | INFO | SIGNAL: UNIUSDT -> LONG (Score:89.8)
2026-06-03 15:35:55,930 | INFO | NO SIGNAL [crypto/ZECUSDT]: No setup
2026-06-03 15:35:55,935 | INFO | SIGNAL: 1000SATSUSDT -> SHORT (Score:67.2)
2026-06-03 15:35:55,941 | INFO | SIGNAL: DOGSUSDT -> LONG (Score:80.3)
2026-06-03 15:35:55,946 | INFO | SIGNAL: NEIROUSDT -> LONG (Score:89.8)
2026-06-03 15:35:55,951 | INFO | NO SIGNAL [crypto/1000PEPEUSDT]: No setup
2026-06-03 15:35:55,957 | INFO | SIGNAL: PUMPUSDT -> LONG (Score:89.8)
2026-06-03 15:35:55,962 | INFO | NO SIGNAL [crypto/NOTUSDT]: No setup
2026-06-03 15:35:55,968 | INFO | NO SIGNAL [crypto/MEMEUSDT]: No setup
2026-06-03 15:35:55,969 | INFO | --- Analyzing FOREX ---
2026-06-03 15:35:55,969 | WARNING | SKIP [EURUSD]: Non-crypto requires 50+ candles, has 24
2026-06-03 15:35:55,969 | INFO | NO SIGNAL [forex/EURUSD]: No setup
2026-06-03 15:35:55,970 | WARNING | SKIP [GBPUSD]: Non-crypto requires 50+ candles, has 24
2026-06-03 15:35:55,970 | INFO | NO SIGNAL [forex/GBPUSD]: No setup
2026-06-03 15:35:55,970 | WARNING | SKIP [USDJPY]: Non-crypto requires 50+ candles, has 24
2026-06-03 15:35:55,970 | INFO | NO SIGNAL [forex/USDJPY]: No setup
2026-06-03 15:35:55,970 | WARNING | SKIP [AUDUSD]: Non-crypto requires 50+ candles, has 24
2026-06-03 15:35:55,971 | INFO | NO SIGNAL [forex/AUDUSD]: No setup
2026-06-03 15:35:55,971 | WARNING | SKIP [USDCAD]: Non-crypto requires 50+ candles, has 24
2026-06-03 15:35:55,971 | INFO | NO SIGNAL [forex/USDCAD]: No setup
2026-06-03 15:35:55,971 | WARNING | SKIP [NZDUSD]: Non-crypto requires 50+ candles, has 24
2026-06-03 15:35:55,971 | INFO | NO SIGNAL [forex/NZDUSD]: No setup
2026-06-03 15:35:55,972 | WARNING | SKIP [EURGBP]: Non-crypto requires 50+ candles, has 24
2026-06-03 15:35:55,972 | INFO | NO SIGNAL [forex/EURGBP]: No setup
2026-06-03 15:35:55,972 | WARNING | SKIP [EURJPY]: Non-crypto requires 50+ candles, has 24
2026-06-03 15:35:55,972 | INFO | NO SIGNAL [forex/EURJPY]: No setup
2026-06-03 15:35:55,973 | INFO | --- Analyzing STOCKS ---
2026-06-03 15:35:55,973 | WARNING | SKIP [AAPL]: Non-crypto requires 50+ candles, has 24
2026-06-03 15:35:55,973 | INFO | NO SIGNAL [stock/AAPL]: No setup
2026-06-03 15:35:55,973 | WARNING | SKIP [MSFT]: Non-crypto requires 50+ candles, has 24
2026-06-03 15:35:55,973 | INFO | NO SIGNAL [stock/MSFT]: No setup
2026-06-03 15:35:55,979 | INFO | NO SIGNAL [stock/GOOGL]: No setup
2026-06-03 15:35:55,984 | INFO | SIGNAL: AMZN -> SHORT (Score:76.7)
2026-06-03 15:35:55,985 | WARNING | SKIP [META]: Non-crypto requires 50+ candles, has 24
2026-06-03 15:35:55,985 | INFO | NO SIGNAL [stock/META]: No setup
2026-06-03 15:35:55,986 | WARNING | SKIP [TSLA]: Non-crypto requires 50+ candles, has 24
2026-06-03 15:35:55,986 | INFO | NO SIGNAL [stock/TSLA]: No setup
2026-06-03 15:35:55,991 | INFO | NO SIGNAL [stock/NVDA]: No setup
2026-06-03 15:35:55,997 | INFO | SIGNAL: JPM -> LONG (Score:100.0)
2026-06-03 15:35:55,998 | INFO | --- Analyzing OIL ---
2026-06-03 15:35:55,999 | WARNING | SKIP [WTI]: Non-crypto requires 50+ candles, has 24
2026-06-03 15:35:55,999 | INFO | NO SIGNAL [oil/WTI]: No setup
2026-06-03 15:35:55,999 | WARNING | SKIP [BRENT]: Non-crypto requires 50+ candles, has 24
2026-06-03 15:35:55,999 | INFO | NO SIGNAL [oil/BRENT]: No setup
2026-06-03 15:35:56,000 | INFO | === 10 signals | 14 skipped | 8 errors ===
2026-06-03 15:35:57,645 | INFO | Sent 7 FREE signals
2026-06-03 15:36:13,240 | INFO | Sent 7 VIP signals
2026-06-03 15:36:13,246 | INFO | Saved local JSON
2026-06-03 15:36:15,221 | INFO | GitHub push OK
2026-06-03 15:36:15,233 | INFO | CYCLE COMPLETE
2026-06-03 15:36:15,234 | INFO | ==================================================
2026-06-03 15:45:33,852 | INFO | ==================================================
2026-06-03 15:45:33,854 | INFO | CYCLE START: 2026-06-03 15:45:33.854081
2026-06-03 15:45:33,854 | INFO | ==================================================
2026-06-03 15:45:33,854 | INFO | === FETCHING CRYPTO ===
2026-06-03 15:45:34,821 | INFO |   OK BTCUSDT
2026-06-03 15:45:35,359 | INFO |   OK ETHUSDT
2026-06-03 15:45:35,881 | INFO |   OK SOLUSDT
2026-06-03 15:45:36,449 | INFO |   OK SUIUSDT
2026-06-03 15:45:37,000 | INFO |   OK DOGEUSDT
2026-06-03 15:45:37,537 | INFO |   OK UNIUSDT
2026-06-03 15:45:38,099 | INFO |   OK ZECUSDT
2026-06-03 15:45:43,300 | INFO | === FETCHING FOREX ===
2026-06-03 15:45:44,769 | WARNING | Forex EURUSD: API data invalid, using synthetic
2026-06-03 15:45:45,066 | INFO |   OK EURUSD
2026-06-03 15:45:46,253 | WARNING | Forex GBPUSD: API data invalid, using synthetic
2026-06-03 15:45:46,321 | INFO |   OK GBPUSD
2026-06-03 15:46:13,088 | WARNING | Forex USDJPY: API data invalid, using synthetic
2026-06-03 15:46:13,155 | INFO |   OK USDJPY
2026-06-03 15:46:14,362 | WARNING | Forex AUDUSD: API data invalid, using synthetic
2026-06-03 15:46:14,434 | INFO |   OK AUDUSD
2026-06-03 15:46:40,413 | ERROR | TwelveData fetch: USDCAD
2026-06-03 15:46:40,456 | WARNING | Forex USDCAD: API data invalid, using synthetic
2026-06-03 15:46:40,518 | INFO |   OK USDCAD
2026-06-03 15:47:07,338 | WARNING | Forex NZDUSD: API data invalid, using synthetic
2026-06-03 15:47:07,431 | INFO |   OK NZDUSD
2026-06-03 15:47:08,646 | WARNING | Forex EURGBP: API data invalid, using synthetic
2026-06-03 15:47:08,722 | INFO |   OK EURGBP
2026-06-03 15:47:34,584 | ERROR | TwelveData fetch: EURJPY
2026-06-03 15:47:34,612 | WARNING | Forex EURJPY: API data invalid, using synthetic
2026-06-03 15:47:34,685 | INFO |   OK EURJPY
2026-06-03 15:47:34,685 | INFO | === FETCHING STOCKS ===
2026-06-03 15:48:02,379 | INFO |   OK AAPL
2026-06-03 15:48:04,298 | INFO |   OK MSFT
2026-06-03 15:48:30,287 | ERROR | TwelveData fetch: GOOGL
2026-06-03 15:48:30,312 | WARNING | Stock GOOGL: API data invalid, using synthetic
2026-06-03 15:48:32,148 | WARNING | Stock GOOGL: API data invalid, using synthetic
2026-06-03 15:48:32,149 | WARNING | Stock GOOGL: using synthetic data
2026-06-03 15:48:32,156 | INFO |   OK GOOGL
2026-06-03 15:48:57,991 | ERROR | TwelveData fetch: AMZN
2026-06-03 15:48:58,015 | WARNING | Stock AMZN: API data invalid, using synthetic
2026-06-03 15:48:59,217 | WARNING | Stock AMZN: API data invalid, using synthetic
2026-06-03 15:48:59,218 | WARNING | Stock AMZN: using synthetic data
2026-06-03 15:48:59,223 | INFO |   OK AMZN
2026-06-03 15:49:01,633 | INFO |   OK META
2026-06-03 15:49:03,824 | INFO |   OK TSLA
2026-06-03 15:49:29,690 | ERROR | TwelveData fetch: NVDA
2026-06-03 15:49:29,715 | WARNING | Stock NVDA: API data invalid, using synthetic
2026-06-03 15:49:30,912 | WARNING | Stock NVDA: API data invalid, using synthetic
2026-06-03 15:49:30,912 | WARNING | Stock NVDA: using synthetic data
2026-06-03 15:49:30,917 | INFO |   OK NVDA
2026-06-03 15:49:56,773 | ERROR | TwelveData fetch: JPM
2026-06-03 15:49:56,793 | WARNING | Stock JPM: API data invalid, using synthetic
2026-06-03 15:49:57,995 | WARNING | Stock JPM: API data invalid, using synthetic
2026-06-03 15:49:57,995 | WARNING | Stock JPM: using synthetic data
2026-06-03 15:49:57,998 | INFO |   OK JPM
2026-06-03 15:49:57,998 | INFO | === FETCHING OIL ===
2026-06-03 15:50:03,117 | WARNING | Oil WTI: API data invalid, using synthetic
2026-06-03 15:50:03,118 | WARNING | Oil WTI: using synthetic data
2026-06-03 15:50:03,122 | INFO |   OK WTI
2026-06-03 15:50:04,564 | WARNING | Oil BRENT: API data invalid, using synthetic
2026-06-03 15:50:04,565 | WARNING | Oil BRENT: using synthetic data
2026-06-03 15:50:04,570 | INFO |   OK BRENT
2026-06-03 15:50:04,570 | INFO | MARKET RAW COUNTS: crypto=14 forex=8 stock=8 oil=2
2026-06-03 15:50:04,571 | INFO | --- Analyzing CRYPTO ---
2026-06-03 15:50:04,572 | INFO | BTC: Bearish: LH+LL (valid=True)
2026-06-03 15:50:04,579 | INFO | SIGNAL: BTCUSDT -> SHORT (Score:88.0)
2026-06-03 15:50:04,585 | INFO | SIGNAL: ETHUSDT -> LONG (Score:74.0)
2026-06-03 15:50:04,591 | INFO | NO SIGNAL [crypto/SOLUSDT]: No setup
2026-06-03 15:50:04,596 | INFO | NO SIGNAL [crypto/SUIUSDT]: No setup
2026-06-03 15:50:04,601 | INFO | SIGNAL: DOGEUSDT -> SHORT (Score:82.8)
2026-06-03 15:50:04,607 | INFO | NO SIGNAL [crypto/UNIUSDT]: No setup
2026-06-03 15:50:04,613 | INFO | NO SIGNAL [crypto/ZECUSDT]: No setup
2026-06-03 15:50:04,619 | INFO | NO SIGNAL [crypto/1000SATSUSDT]: No setup
2026-06-03 15:50:04,625 | INFO | SIGNAL: DOGSUSDT -> LONG (Score:80.3)
2026-06-03 15:50:04,631 | INFO | SIGNAL: NEIROUSDT -> LONG (Score:92.2)
2026-06-03 15:50:04,636 | INFO | NO SIGNAL [crypto/1000PEPEUSDT]: No setup
2026-06-03 15:50:04,642 | INFO | NO SIGNAL [crypto/PUMPUSDT]: No setup
2026-06-03 15:50:04,647 | INFO | NO SIGNAL [crypto/NOTUSDT]: No setup
2026-06-03 15:50:04,653 | INFO | NO SIGNAL [crypto/MEMEUSDT]: No setup
2026-06-03 15:50:04,654 | INFO | --- Analyzing FOREX ---
2026-06-03 15:50:04,654 | WARNING | SKIP [EURUSD]: Non-crypto requires 50+ candles, has 24
2026-06-03 15:50:04,655 | INFO | NO SIGNAL [forex/EURUSD]: No setup
2026-06-03 15:50:04,655 | WARNING | SKIP [GBPUSD]: Non-crypto requires 50+ candles, has 24
2026-06-03 15:50:04,656 | INFO | NO SIGNAL [forex/GBPUSD]: No setup
2026-06-03 15:50:04,656 | WARNING | SKIP [USDJPY]: Non-crypto requires 50+ candles, has 24
2026-06-03 15:50:04,656 | INFO | NO SIGNAL [forex/USDJPY]: No setup
2026-06-03 15:50:04,656 | WARNING | SKIP [AUDUSD]: Non-crypto requires 50+ candles, has 24
2026-06-03 15:50:04,657 | INFO | NO SIGNAL [forex/AUDUSD]: No setup
2026-06-03 15:50:04,657 | WARNING | SKIP [USDCAD]: Non-crypto requires 50+ candles, has 24
2026-06-03 15:50:04,657 | INFO | NO SIGNAL [forex/USDCAD]: No setup
2026-06-03 15:50:04,657 | WARNING | SKIP [NZDUSD]: Non-crypto requires 50+ candles, has 24
2026-06-03 15:50:04,658 | INFO | NO SIGNAL [forex/NZDUSD]: No setup
2026-06-03 15:50:04,658 | WARNING | SKIP [EURGBP]: Non-crypto requires 50+ candles, has 24
2026-06-03 15:50:04,658 | INFO | NO SIGNAL [forex/EURGBP]: No setup
2026-06-03 15:50:04,658 | WARNING | SKIP [EURJPY]: Non-crypto requires 50+ candles, has 24
2026-06-03 15:50:04,658 | INFO | NO SIGNAL [forex/EURJPY]: No setup
2026-06-03 15:50:04,659 | INFO | --- Analyzing STOCKS ---
2026-06-03 15:50:04,664 | INFO | NO SIGNAL [stock/AAPL]: No setup
2026-06-03 15:50:04,670 | INFO | SIGNAL: MSFT -> SHORT (Score:72.8)
2026-06-03 15:50:04,671 | WARNING | SKIP [GOOGL]: Non-crypto requires 50+ candles, has 24
2026-06-03 15:50:04,671 | INFO | NO SIGNAL [stock/GOOGL]: No setup
2026-06-03 15:50:04,671 | WARNING | SKIP [AMZN]: Non-crypto requires 50+ candles, has 24
2026-06-03 15:50:04,671 | INFO | NO SIGNAL [stock/AMZN]: No setup
2026-06-03 15:50:04,677 | INFO | SIGNAL: META -> SHORT (Score:79.0)
2026-06-03 15:50:04,683 | INFO | NO SIGNAL [stock/TSLA]: No setup
2026-06-03 15:50:04,683 | WARNING | SKIP [NVDA]: Non-crypto requires 50+ candles, has 24
2026-06-03 15:50:04,684 | INFO | NO SIGNAL [stock/NVDA]: No setup
2026-06-03 15:50:04,685 | WARNING | SKIP [JPM]: Non-crypto requires 50+ candles, has 24
2026-06-03 15:50:04,685 | INFO | NO SIGNAL [stock/JPM]: No setup
2026-06-03 15:50:04,685 | INFO | --- Analyzing OIL ---
2026-06-03 15:50:04,686 | WARNING | SKIP [WTI]: Non-crypto requires 50+ candles, has 24
2026-06-03 15:50:04,686 | INFO | NO SIGNAL [oil/WTI]: No setup
2026-06-03 15:50:04,686 | WARNING | SKIP [BRENT]: Non-crypto requires 50+ candles, has 24
2026-06-03 15:50:04,686 | INFO | NO SIGNAL [oil/BRENT]: No setup
2026-06-03 15:50:04,687 | INFO | === 7 signals | 14 skipped | 6 errors ===
2026-06-03 15:50:06,203 | INFO | Sent 7 FREE signals
2026-06-03 15:50:21,864 | INFO | Sent 7 VIP signals
2026-06-03 15:50:21,872 | INFO | Saved local JSON
2026-06-03 15:50:23,614 | INFO | GitHub push OK
2026-06-03 15:50:23,624 | INFO | CYCLE COMPLETE
2026-06-03 15:50:23,624 | INFO | ==================================================
2026-06-03 16:21:03,532 | INFO | ==================================================
2026-06-03 16:21:03,535 | INFO | CYCLE START: 2026-06-03 16:21:03.534892
2026-06-03 16:21:03,535 | INFO | ==================================================
2026-06-03 16:21:03,535 | INFO | === FETCHING CRYPTO ===
2026-06-03 16:21:06,094 | INFO |   OK BTCUSDT
2026-06-03 16:21:06,625 | INFO |   OK ETHUSDT
2026-06-03 16:21:07,163 | INFO |   OK SOLUSDT
2026-06-03 16:21:07,703 | INFO |   OK SUIUSDT
2026-06-03 16:21:08,229 | INFO |   OK DOGEUSDT
2026-06-03 16:21:08,807 | INFO |   OK UNIUSDT
2026-06-03 16:21:09,354 | INFO |   OK ZECUSDT
2026-06-03 16:21:14,549 | INFO | === FETCHING FOREX ===
2026-06-03 16:21:15,997 | WARNING | Forex EURUSD: TwelveData failed, using synthetic
2026-06-03 16:21:16,327 | INFO |   OK EURUSD
2026-06-03 16:21:17,532 | WARNING | Forex GBPUSD: TwelveData failed, using synthetic
2026-06-03 16:21:17,596 | INFO |   OK GBPUSD
2026-06-03 16:21:43,493 | ERROR | TwelveData fetch: USDJPY
2026-06-03 16:21:43,535 | WARNING | Forex USDJPY: TwelveData failed, using synthetic
2026-06-03 16:21:43,607 | INFO |   OK USDJPY
2026-06-03 16:22:10,333 | WARNING | Forex AUDUSD: TwelveData failed, using synthetic
2026-06-03 16:22:10,391 | INFO |   OK AUDUSD
2026-06-03 16:22:11,578 | WARNING | Forex USDCAD: TwelveData failed, using synthetic
2026-06-03 16:22:11,638 | INFO |   OK USDCAD
2026-06-03 16:22:37,525 | ERROR | TwelveData fetch: NZDUSD
2026-06-03 16:22:37,561 | WARNING | Forex NZDUSD: TwelveData failed, using synthetic
2026-06-03 16:22:37,649 | INFO |   OK NZDUSD
2026-06-03 16:23:04,398 | WARNING | Forex EURGBP: TwelveData failed, using synthetic
2026-06-03 16:23:04,490 | INFO |   OK EURGBP
2026-06-03 16:23:05,712 | WARNING | Forex EURJPY: TwelveData failed, using synthetic
2026-06-03 16:23:05,775 | INFO |   OK EURJPY
2026-06-03 16:23:05,775 | INFO | === FETCHING STOCKS ===
2026-06-03 16:23:31,603 | ERROR | TwelveData fetch: AAPL
2026-06-03 16:23:31,634 | WARNING | Stock AAPL: using synthetic data
2026-06-03 16:23:31,639 | INFO |   OK AAPL
2026-06-03 16:23:57,433 | ERROR | TwelveData fetch: MSFT
2026-06-03 16:23:57,455 | WARNING | Stock MSFT: using synthetic data
2026-06-03 16:23:57,458 | INFO |   OK MSFT
2026-06-03 16:24:01,858 | INFO | Stock GOOGL: using TwelveData real data
2026-06-03 16:24:01,859 | INFO |   OK GOOGL
2026-06-03 16:24:03,532 | INFO | Stock AMZN: using TwelveData real data
2026-06-03 16:24:03,533 | INFO |   OK AMZN
2026-06-03 16:24:29,387 | ERROR | TwelveData fetch: META
2026-06-03 16:24:29,410 | WARNING | Stock META: using synthetic data
2026-06-03 16:24:29,415 | INFO |   OK META
2026-06-03 16:24:55,305 | ERROR | TwelveData fetch: TSLA
2026-06-03 16:24:55,331 | WARNING | Stock TSLA: using synthetic data
2026-06-03 16:24:55,336 | INFO |   OK TSLA
2026-06-03 16:25:03,569 | INFO | Stock NVDA: using TwelveData real data
2026-06-03 16:25:03,570 | INFO |   OK NVDA
2026-06-03 16:25:05,498 | INFO | Stock JPM: using TwelveData real data
2026-06-03 16:25:05,499 | INFO |   OK JPM
2026-06-03 16:25:05,500 | INFO | === FETCHING OIL ===
2026-06-03 16:25:31,341 | ERROR | TwelveData fetch: OIL/USD
2026-06-03 16:25:31,370 | WARNING | Oil WTI: using synthetic data
2026-06-03 16:25:31,376 | INFO |   OK WTI
2026-06-03 16:25:57,160 | ERROR | TwelveData fetch: BRENT/USD
2026-06-03 16:25:57,185 | WARNING | Oil BRENT: using synthetic data
2026-06-03 16:25:57,190 | INFO |   OK BRENT
2026-06-03 16:25:57,190 | INFO | MARKET RAW COUNTS: crypto=14 forex=8 stock=8 oil=2
2026-06-03 16:25:57,191 | INFO | --- Analyzing CRYPTO ---
2026-06-03 16:25:57,193 | INFO | BTC: Structure broken (valid=False)
2026-06-03 16:25:57,203 | INFO | NO SIGNAL [crypto/BTCUSDT]: No setup
2026-06-03 16:25:57,209 | INFO | NO SIGNAL [crypto/ETHUSDT]: No setup
2026-06-03 16:25:57,215 | INFO | NO SIGNAL [crypto/SOLUSDT]: No setup
2026-06-03 16:25:57,222 | INFO | NO SIGNAL [crypto/SUIUSDT]: No setup
2026-06-03 16:25:57,228 | INFO | NO SIGNAL [crypto/DOGEUSDT]: No setup
2026-06-03 16:25:57,234 | INFO | NO SIGNAL [crypto/UNIUSDT]: No setup
2026-06-03 16:25:57,240 | INFO | NO SIGNAL [crypto/ZECUSDT]: No setup
2026-06-03 16:25:57,247 | INFO | NO SIGNAL [crypto/1000SATSUSDT]: No setup
2026-06-03 16:25:57,254 | INFO | SIGNAL: DOGSUSDT -> SHORT (Score:82.7)
2026-06-03 16:25:57,260 | INFO | NO SIGNAL [crypto/NEIROUSDT]: No setup
2026-06-03 16:25:57,266 | INFO | NO SIGNAL [crypto/1000PEPEUSDT]: No setup
2026-06-03 16:25:57,273 | INFO | NO SIGNAL [crypto/PUMPUSDT]: No setup
2026-06-03 16:25:57,279 | INFO | NO SIGNAL [crypto/NOTUSDT]: No setup
2026-06-03 16:25:57,285 | INFO | NO SIGNAL [crypto/MEMEUSDT]: No setup
2026-06-03 16:25:57,286 | INFO | --- Analyzing FOREX ---
2026-06-03 16:25:57,289 | INFO | NO SIGNAL [forex/EURUSD]: No setup
2026-06-03 16:25:57,292 | INFO | NO SIGNAL [forex/GBPUSD]: No setup
2026-06-03 16:25:57,295 | INFO | NO SIGNAL [forex/USDJPY]: No setup
2026-06-03 16:25:57,298 | INFO | NO SIGNAL [forex/AUDUSD]: No setup
2026-06-03 16:25:57,301 | INFO | NO SIGNAL [forex/USDCAD]: No setup
2026-06-03 16:25:57,303 | INFO | NO SIGNAL [forex/NZDUSD]: No setup
2026-06-03 16:25:57,306 | INFO | NO SIGNAL [forex/EURGBP]: No setup
2026-06-03 16:25:57,309 | INFO | NO SIGNAL [forex/EURJPY]: No setup
2026-06-03 16:25:57,309 | INFO | --- Analyzing STOCKS ---
2026-06-03 16:25:57,312 | INFO | NO SIGNAL [stock/AAPL]: No setup
2026-06-03 16:25:57,314 | INFO | NO SIGNAL [stock/MSFT]: No setup
2026-06-03 16:25:57,320 | INFO | NO SIGNAL [stock/GOOGL]: No setup
2026-06-03 16:25:57,330 | INFO | SIGNAL: AMZN -> SHORT (Score:76.7)
2026-06-03 16:25:57,332 | INFO | NO SIGNAL [stock/META]: No setup
2026-06-03 16:25:57,335 | INFO | NO SIGNAL [stock/TSLA]: No setup
2026-06-03 16:25:57,340 | INFO | NO SIGNAL [stock/NVDA]: No setup
2026-06-03 16:25:57,346 | INFO | SIGNAL: JPM -> LONG (Score:100.0)
2026-06-03 16:25:57,347 | INFO | --- Analyzing OIL ---
2026-06-03 16:25:57,351 | INFO | NO SIGNAL [oil/WTI]: No setup
2026-06-03 16:25:57,357 | INFO | NO SIGNAL [oil/BRENT]: No setup
2026-06-03 16:25:57,358 | INFO | === 3 signals | 0 skipped | 8 errors ===
2026-06-03 16:25:58,863 | INFO | Sent 3 FREE signals
2026-06-03 16:26:05,088 | INFO | Sent 3 VIP signals
2026-06-03 16:26:05,101 | INFO | Saved local JSON
2026-06-03 16:26:07,511 | INFO | GitHub push OK
2026-06-03 16:26:07,532 | INFO | CYCLE COMPLETE
2026-06-03 16:26:07,533 | INFO | ==================================================
2026-06-03 16:44:41,257 | INFO | ==================================================
2026-06-03 16:44:41,259 | INFO | CYCLE START: 2026-06-03 16:44:41.259465
2026-06-03 16:44:41,260 | INFO | ==================================================
2026-06-03 16:44:41,260 | INFO | === FETCHING CRYPTO ===
2026-06-03 16:44:42,507 | INFO |   OK BTCUSDT
2026-06-03 16:44:43,057 | INFO |   OK ETHUSDT
2026-06-03 16:44:43,621 | INFO |   OK SOLUSDT
2026-06-03 16:44:44,204 | INFO |   OK SUIUSDT
2026-06-03 16:44:44,795 | INFO |   OK DOGEUSDT
2026-06-03 16:44:45,367 | INFO |   OK UNIUSDT
2026-06-03 16:44:45,967 | INFO |   OK ZECUSDT
2026-06-03 16:44:51,231 | INFO | === FETCHING FOREX ===
2026-06-03 16:44:54,741 | WARNING | Forex EURUSD: TwelveData failed, using synthetic
2026-06-03 16:44:55,108 | INFO |   OK EURUSD
2026-06-03 16:44:58,351 | WARNING | Forex GBPUSD: TwelveData failed, using synthetic
2026-06-03 16:44:58,454 | INFO |   OK GBPUSD
2026-06-03 16:45:06,128 | WARNING | Forex USDJPY: TwelveData failed, using synthetic
2026-06-03 16:45:06,218 | INFO |   OK USDJPY
2026-06-03 16:45:09,634 | WARNING | Forex AUDUSD: TwelveData failed, using synthetic
2026-06-03 16:45:09,730 | INFO |   OK AUDUSD
2026-06-03 16:45:35,596 | ERROR | TwelveData fetch: USDCAD
2026-06-03 16:45:35,623 | WARNING | Forex USDCAD: TwelveData failed, using synthetic
2026-06-03 16:45:35,691 | INFO |   OK USDCAD
2026-06-03 16:46:04,510 | WARNING | Forex NZDUSD: TwelveData failed, using synthetic
2026-06-03 16:46:04,599 | INFO |   OK NZDUSD
2026-06-03 16:46:07,889 | WARNING | Forex EURGBP: TwelveData failed, using synthetic
2026-06-03 16:46:07,985 | INFO |   OK EURGBP
2026-06-03 16:46:33,925 | ERROR | TwelveData fetch: EURJPY
2026-06-03 16:46:33,947 | WARNING | Forex EURJPY: TwelveData failed, using synthetic
2026-06-03 16:46:34,024 | INFO |   OK EURJPY
2026-06-03 16:46:34,025 | INFO | === FETCHING STOCKS ===
2026-06-03 16:47:04,051 | INFO | Stock AAPL: using TwelveData real data
2026-06-03 16:47:04,052 | INFO |   OK AAPL
2026-06-03 16:47:08,067 | INFO | Stock MSFT: using TwelveData real data
2026-06-03 16:47:08,067 | INFO |   OK MSFT
2026-06-03 16:47:33,990 | ERROR | TwelveData fetch: GOOGL
2026-06-03 16:47:34,022 | WARNING | Stock GOOGL: using synthetic data
2026-06-03 16:47:34,029 | INFO |   OK GOOGL
2026-06-03 16:48:03,922 | INFO | Stock AMZN: using TwelveData real data
2026-06-03 16:48:03,922 | INFO |   OK AMZN
2026-06-03 16:48:07,907 | INFO | Stock META: using TwelveData real data
2026-06-03 16:48:07,908 | INFO |   OK META
2026-06-03 16:48:33,863 | ERROR | TwelveData fetch: TSLA
2026-06-03 16:48:33,896 | WARNING | Stock TSLA: using synthetic data
2026-06-03 16:48:33,903 | INFO |   OK TSLA
2026-06-03 16:49:03,281 | INFO | Stock NVDA: using TwelveData real data
2026-06-03 16:49:03,282 | INFO |   OK NVDA
2026-06-03 16:49:07,539 | INFO | Stock JPM: using TwelveData real data
2026-06-03 16:49:07,540 | INFO |   OK JPM
2026-06-03 16:49:07,541 | INFO | === FETCHING OIL ===
2026-06-03 16:49:33,400 | ERROR | TwelveData fetch: OIL/USD
2026-06-03 16:49:33,424 | WARNING | Oil WTI: using synthetic data
2026-06-03 16:49:33,429 | INFO |   OK WTI
2026-06-03 16:50:03,656 | WARNING | Oil BRENT: using synthetic data
2026-06-03 16:50:03,660 | INFO |   OK BRENT
2026-06-03 16:50:03,661 | INFO | MARKET RAW COUNTS: crypto=14 forex=8 stock=8 oil=2
2026-06-03 16:50:03,661 | INFO | --- Analyzing CRYPTO ---
2026-06-03 16:50:03,662 | INFO | BTC: Structure broken (valid=False)
2026-06-03 16:50:03,668 | INFO | NO SIGNAL [crypto/BTCUSDT]: No setup
2026-06-03 16:50:03,673 | INFO | NO SIGNAL [crypto/ETHUSDT]: No setup
2026-06-03 16:50:03,678 | INFO | NO SIGNAL [crypto/SOLUSDT]: No setup
2026-06-03 16:50:03,682 | INFO | NO SIGNAL [crypto/SUIUSDT]: No setup
2026-06-03 16:50:03,691 | INFO | NO SIGNAL [crypto/DOGEUSDT]: No setup
2026-06-03 16:50:03,695 | INFO | NO SIGNAL [crypto/UNIUSDT]: No setup
2026-06-03 16:50:03,699 | INFO | NO SIGNAL [crypto/ZECUSDT]: No setup
2026-06-03 16:50:03,704 | INFO | NO SIGNAL [crypto/1000SATSUSDT]: No setup
2026-06-03 16:50:03,710 | INFO | NO SIGNAL [crypto/DOGSUSDT]: No setup
2026-06-03 16:50:03,714 | INFO | NO SIGNAL [crypto/NEIROUSDT]: No setup
2026-06-03 16:50:03,718 | INFO | NO SIGNAL [crypto/1000PEPEUSDT]: No setup
2026-06-03 16:50:03,727 | INFO | NO SIGNAL [crypto/PUMPUSDT]: No setup
2026-06-03 16:50:03,731 | INFO | NO SIGNAL [crypto/NOTUSDT]: No setup
2026-06-03 16:50:03,735 | INFO | NO SIGNAL [crypto/MEMEUSDT]: No setup
2026-06-03 16:50:03,736 | INFO | --- Analyzing FOREX ---
2026-06-03 16:50:03,738 | INFO | NO SIGNAL [forex/EURUSD]: No setup
2026-06-03 16:50:03,741 | INFO | NO SIGNAL [forex/GBPUSD]: No setup
2026-06-03 16:50:03,744 | INFO | NO SIGNAL [forex/USDJPY]: No setup
2026-06-03 16:50:03,746 | INFO | NO SIGNAL [forex/AUDUSD]: No setup
2026-06-03 16:50:03,748 | INFO | NO SIGNAL [forex/USDCAD]: No setup
2026-06-03 16:50:03,751 | INFO | NO SIGNAL [forex/NZDUSD]: No setup
2026-06-03 16:50:03,754 | INFO | NO SIGNAL [forex/EURGBP]: No setup
2026-06-03 16:50:03,757 | INFO | NO SIGNAL [forex/EURJPY]: No setup
2026-06-03 16:50:03,758 | INFO | --- Analyzing STOCKS ---
2026-06-03 16:50:03,762 | INFO | NO SIGNAL [stock/AAPL]: No setup
2026-06-03 16:50:03,774 | INFO | SIGNAL: MSFT -> SHORT (Score:72.8)
2026-06-03 16:50:03,776 | INFO | NO SIGNAL [stock/GOOGL]: No setup
2026-06-03 16:50:03,781 | INFO | SIGNAL: AMZN -> SHORT (Score:76.7)
2026-06-03 16:50:03,786 | INFO | SIGNAL: META -> SHORT (Score:79.0)
2026-06-03 16:50:03,790 | INFO | NO SIGNAL [stock/TSLA]: No setup
2026-06-03 16:50:03,795 | INFO | NO SIGNAL [stock/NVDA]: No setup
2026-06-03 16:50:03,800 | INFO | SIGNAL: JPM -> LONG (Score:100.0)
2026-06-03 16:50:03,801 | INFO | --- Analyzing OIL ---
2026-06-03 16:50:03,804 | INFO | NO SIGNAL [oil/WTI]: No setup
2026-06-03 16:50:03,807 | INFO | NO SIGNAL [oil/BRENT]: No setup
2026-06-03 16:50:03,807 | INFO | === 4 signals | 0 skipped | 5 errors ===
2026-06-03 16:50:05,327 | INFO | Sent 4 FREE signals
2026-06-03 16:50:09,217 | INFO | Sent 4 VIP signals
2026-06-03 16:50:09,229 | INFO | Saved local JSON
2026-06-03 16:50:11,021 | INFO | GitHub push OK
2026-06-03 16:50:11,028 | INFO | CYCLE COMPLETE
2026-06-03 16:50:11,028 | INFO | ==================================================
2026-06-03 16:59:37,972 | INFO | ==================================================
2026-06-03 16:59:37,973 | INFO | CYCLE START: 2026-06-03 16:59:37.973318
2026-06-03 16:59:37,973 | INFO | ==================================================
2026-06-03 16:59:37,974 | INFO | === FETCHING CRYPTO ===
2026-06-03 16:59:38,966 | INFO |   OK BTCUSDT
2026-06-03 16:59:39,547 | INFO |   OK ETHUSDT
2026-06-03 16:59:40,095 | INFO |   OK SOLUSDT
2026-06-03 16:59:40,707 | INFO |   OK SUIUSDT
2026-06-03 16:59:41,309 | INFO |   OK DOGEUSDT
2026-06-03 16:59:41,870 | INFO |   OK UNIUSDT
2026-06-03 16:59:42,430 | INFO |   OK ZECUSDT
2026-06-03 16:59:48,183 | INFO | === FETCHING FOREX ===
2026-06-03 16:59:51,831 | WARNING | Forex EURUSD: TwelveData failed, using synthetic
2026-06-03 16:59:52,187 | INFO |   OK EURUSD
2026-06-03 16:59:55,468 | WARNING | Forex GBPUSD: TwelveData failed, using synthetic
2026-06-03 16:59:55,559 | INFO |   OK GBPUSD
2026-06-03 17:00:10,635 | WARNING | Forex USDJPY: TwelveData failed, using synthetic
2026-06-03 17:00:10,735 | INFO |   OK USDJPY
2026-06-03 17:00:14,344 | WARNING | Forex AUDUSD: TwelveData failed, using synthetic
2026-06-03 17:00:14,428 | INFO |   OK AUDUSD
2026-06-03 17:00:40,823 | ERROR | TwelveData fetch: USDCAD
2026-06-03 17:00:40,867 | WARNING | Forex USDCAD: TwelveData failed, using synthetic
2026-06-03 17:00:41,022 | INFO |   OK USDCAD
2026-06-03 17:01:10,041 | WARNING | Forex NZDUSD: TwelveData failed, using synthetic
2026-06-03 17:01:10,147 | INFO |   OK NZDUSD
2026-06-03 17:01:13,493 | WARNING | Forex EURGBP: TwelveData failed, using synthetic
2026-06-03 17:01:13,595 | INFO |   OK EURGBP
2026-06-03 17:01:39,413 | ERROR | TwelveData fetch: EURJPY
2026-06-03 17:01:39,436 | WARNING | Forex EURJPY: TwelveData failed, using synthetic
2026-06-03 17:01:39,498 | INFO |   OK EURJPY
2026-06-03 17:01:39,498 | INFO | === FETCHING STOCKS ===
2026-06-03 17:02:08,787 | INFO | Stock AAPL: using TwelveData real data
2026-06-03 17:02:08,787 | INFO |   OK AAPL
2026-06-03 17:02:12,327 | INFO | Stock MSFT: using TwelveData real data
2026-06-03 17:02:12,328 | INFO |   OK MSFT
2026-06-03 17:02:38,239 | ERROR | TwelveData fetch: GOOGL
2026-06-03 17:02:38,265 | WARNING | Stock GOOGL: using synthetic data
2026-06-03 17:02:38,270 | INFO |   OK GOOGL
2026-06-03 17:03:07,846 | INFO | Stock AMZN: using TwelveData real data
2026-06-03 17:03:07,847 | INFO |   OK AMZN
2026-06-03 17:03:11,369 | INFO | Stock META: using TwelveData real data
2026-06-03 17:03:11,370 | INFO |   OK META
2026-06-03 17:03:37,318 | ERROR | TwelveData fetch: TSLA
2026-06-03 17:03:37,344 | WARNING | Stock TSLA: using synthetic data
2026-06-03 17:03:37,349 | INFO |   OK TSLA
2026-06-03 17:04:06,806 | INFO | Stock NVDA: using TwelveData real data
2026-06-03 17:04:06,807 | INFO |   OK NVDA
2026-06-03 17:04:11,057 | INFO | Stock JPM: using TwelveData real data
2026-06-03 17:04:11,059 | INFO |   OK JPM
2026-06-03 17:04:11,059 | INFO | === FETCHING OIL ===
2026-06-03 17:04:36,972 | ERROR | TwelveData fetch: OIL/USD
2026-06-03 17:04:36,998 | WARNING | Oil WTI: using synthetic data
2026-06-03 17:04:37,003 | INFO |   OK WTI
2026-06-03 17:05:06,043 | WARNING | Oil BRENT: using synthetic data
2026-06-03 17:05:06,054 | INFO |   OK BRENT
2026-06-03 17:05:06,055 | INFO | MARKET RAW COUNTS: crypto=14 forex=8 stock=8 oil=2
2026-06-03 17:05:06,056 | INFO | --- Analyzing CRYPTO ---
2026-06-03 17:05:06,057 | INFO | BTC: Structure broken (valid=False)
2026-06-03 17:05:06,064 | INFO | NO SIGNAL [crypto/BTCUSDT]: No setup
2026-06-03 17:05:06,069 | INFO | NO SIGNAL [crypto/ETHUSDT]: No setup
2026-06-03 17:05:06,074 | INFO | NO SIGNAL [crypto/SOLUSDT]: No setup
2026-06-03 17:05:06,079 | INFO | NO SIGNAL [crypto/SUIUSDT]: No setup
2026-06-03 17:05:06,085 | INFO | NO SIGNAL [crypto/DOGEUSDT]: No setup
2026-06-03 17:05:06,090 | INFO | NO SIGNAL [crypto/UNIUSDT]: No setup
2026-06-03 17:05:06,095 | INFO | NO SIGNAL [crypto/ZECUSDT]: No setup
2026-06-03 17:05:06,100 | INFO | NO SIGNAL [crypto/1000SATSUSDT]: No setup
2026-06-03 17:05:06,106 | INFO | NO SIGNAL [crypto/DOGSUSDT]: No setup
2026-06-03 17:05:06,111 | INFO | NO SIGNAL [crypto/NEIROUSDT]: No setup
2026-06-03 17:05:06,116 | INFO | NO SIGNAL [crypto/1000PEPEUSDT]: No setup
2026-06-03 17:05:06,121 | INFO | NO SIGNAL [crypto/PUMPUSDT]: No setup
2026-06-03 17:05:06,126 | INFO | NO SIGNAL [crypto/NOTUSDT]: No setup
2026-06-03 17:05:06,132 | INFO | NO SIGNAL [crypto/MEMEUSDT]: No setup
2026-06-03 17:05:06,132 | INFO | --- Analyzing FOREX ---
2026-06-03 17:05:06,135 | INFO | NO SIGNAL [forex/EURUSD]: No setup
2026-06-03 17:05:06,137 | INFO | NO SIGNAL [forex/GBPUSD]: No setup
2026-06-03 17:05:06,139 | INFO | NO SIGNAL [forex/USDJPY]: No setup
2026-06-03 17:05:06,141 | INFO | NO SIGNAL [forex/AUDUSD]: No setup
2026-06-03 17:05:06,142 | INFO | NO SIGNAL [forex/USDCAD]: No setup
2026-06-03 17:05:06,144 | INFO | NO SIGNAL [forex/NZDUSD]: No setup
2026-06-03 17:05:06,146 | INFO | NO SIGNAL [forex/EURGBP]: No setup
2026-06-03 17:05:06,147 | INFO | NO SIGNAL [forex/EURJPY]: No setup
2026-06-03 17:05:06,147 | INFO | --- Analyzing STOCKS ---
2026-06-03 17:05:06,151 | INFO | NO SIGNAL [stock/AAPL]: No setup
2026-06-03 17:05:06,155 | INFO | SIGNAL: MSFT -> SHORT (Score:72.8)
2026-06-03 17:05:06,156 | INFO | NO SIGNAL [stock/GOOGL]: No setup
2026-06-03 17:05:06,160 | INFO | SIGNAL: AMZN -> SHORT (Score:76.7)
2026-06-03 17:05:06,163 | INFO | SIGNAL: META -> SHORT (Score:79.0)
2026-06-03 17:05:06,165 | INFO | NO SIGNAL [stock/TSLA]: No setup
2026-06-03 17:05:06,169 | INFO | NO SIGNAL [stock/NVDA]: No setup
2026-06-03 17:05:06,173 | INFO | SIGNAL: JPM -> LONG (Score:100.0)
2026-06-03 17:05:06,173 | INFO | --- Analyzing OIL ---
2026-06-03 17:05:06,175 | INFO | NO SIGNAL [oil/WTI]: No setup
2026-06-03 17:05:06,176 | INFO | NO SIGNAL [oil/BRENT]: No setup
2026-06-03 17:05:06,177 | INFO | === 4 signals | 0 skipped | 5 errors ===
2026-06-03 17:05:07,693 | INFO | Sent 4 FREE signals
2026-06-03 17:05:11,539 | INFO | Sent 4 VIP signals
2026-06-03 17:05:11,544 | INFO | Saved local JSON
2026-06-03 17:05:14,081 | INFO | GitHub push OK
2026-06-03 17:05:14,091 | INFO | CYCLE COMPLETE
2026-06-03 17:05:14,095 | INFO | ==================================================
2026-06-03 17:18:39,813 | INFO | ==================================================
2026-06-03 17:18:39,814 | INFO | CYCLE START: 2026-06-03 17:18:39.814431
2026-06-03 17:18:39,815 | INFO | ==================================================
2026-06-03 17:18:39,815 | INFO | === FETCHING CRYPTO ===
2026-06-03 17:18:40,651 | INFO |   OK BTCUSDT
2026-06-03 17:18:41,157 | INFO |   OK ETHUSDT
2026-06-03 17:18:41,714 | INFO |   OK SOLUSDT
2026-06-03 17:18:42,259 | INFO |   OK SUIUSDT
2026-06-03 17:18:42,792 | INFO |   OK DOGEUSDT
2026-06-03 17:18:43,344 | INFO |   OK UNIUSDT
2026-06-03 17:18:43,871 | INFO |   OK ZECUSDT
2026-06-03 17:18:49,019 | INFO | === FETCHING FOREX ===
2026-06-03 17:18:52,488 | WARNING | Forex EURUSD: TwelveData failed, using synthetic
2026-06-03 17:18:52,881 | INFO |   OK EURUSD
2026-06-03 17:18:56,119 | WARNING | Forex GBPUSD: TwelveData failed, using synthetic
2026-06-03 17:18:56,226 | INFO |   OK GBPUSD
2026-06-03 17:19:05,205 | WARNING | Forex USDJPY: TwelveData failed, using synthetic
2026-06-03 17:19:05,299 | INFO |   OK USDJPY
2026-06-03 17:19:08,532 | WARNING | Forex AUDUSD: TwelveData failed, using synthetic
2026-06-03 17:19:08,630 | INFO |   OK AUDUSD
2026-06-03 17:19:34,658 | ERROR | TwelveData fetch: USDCAD
2026-06-03 17:19:34,699 | WARNING | Forex USDCAD: TwelveData failed, using synthetic
2026-06-03 17:19:34,767 | INFO |   OK USDCAD
2026-06-03 17:20:03,892 | WARNING | Forex NZDUSD: TwelveData failed, using synthetic
2026-06-03 17:20:03,982 | INFO |   OK NZDUSD
2026-06-03 17:20:07,303 | WARNING | Forex EURGBP: TwelveData failed, using synthetic
2026-06-03 17:20:07,406 | INFO |   OK EURGBP
2026-06-03 17:20:33,219 | ERROR | TwelveData fetch: EURJPY
2026-06-03 17:20:33,243 | WARNING | Forex EURJPY: TwelveData failed, using synthetic
2026-06-03 17:20:33,308 | INFO |   OK EURJPY
2026-06-03 17:20:33,309 | INFO | === FETCHING STOCKS ===
2026-06-03 17:20:59,139 | ERROR | TwelveData fetch: AAPL
2026-06-03 17:20:59,164 | WARNING | Stock AAPL: using synthetic data
2026-06-03 17:20:59,169 | INFO |   OK AAPL
2026-06-03 17:21:03,284 | INFO | Stock MSFT: using TwelveData real data
2026-06-03 17:21:03,285 | INFO |   OK MSFT
2026-06-03 17:21:07,099 | INFO | Stock GOOGL: using TwelveData real data
2026-06-03 17:21:07,100 | INFO |   OK GOOGL
2026-06-03 17:21:32,963 | ERROR | TwelveData fetch: AMZN
2026-06-03 17:21:32,992 | WARNING | Stock AMZN: using synthetic data
2026-06-03 17:21:32,995 | INFO |   OK AMZN
2026-06-03 17:21:58,842 | ERROR | TwelveData fetch: META
2026-06-03 17:21:58,856 | WARNING | Stock META: using synthetic data
2026-06-03 17:21:58,860 | INFO |   OK META
2026-06-03 17:22:03,443 | INFO | Stock TSLA: using TwelveData real data
2026-06-03 17:22:03,443 | INFO |   OK TSLA
2026-06-03 17:22:07,119 | INFO | Stock NVDA: using TwelveData real data
2026-06-03 17:22:07,119 | INFO |   OK NVDA
2026-06-03 17:22:33,000 | ERROR | TwelveData fetch: JPM
2026-06-03 17:22:33,025 | WARNING | Stock JPM: using synthetic data
2026-06-03 17:22:33,031 | INFO |   OK JPM
2026-06-03 17:22:33,031 | INFO | === FETCHING OIL ===
2026-06-03 17:22:58,857 | ERROR | TwelveData fetch: OIL/USD
2026-06-03 17:22:58,885 | WARNING | Oil WTI: using synthetic data
2026-06-03 17:22:58,890 | INFO |   OK WTI
2026-06-03 17:23:02,470 | WARNING | Oil BRENT: using synthetic data
2026-06-03 17:23:02,474 | INFO |   OK BRENT
2026-06-03 17:23:02,474 | INFO | MARKET RAW COUNTS: crypto=14 forex=8 stock=8 oil=2
2026-06-03 17:23:02,475 | INFO | --- Analyzing CRYPTO ---
2026-06-03 17:23:02,475 | INFO | BTC: Bearish: LH+LL (valid=True)
2026-06-03 17:23:02,482 | INFO | NO SIGNAL [crypto/BTCUSDT]: No setup
2026-06-03 17:23:02,487 | INFO | NO SIGNAL [crypto/ETHUSDT]: No setup
2026-06-03 17:23:02,490 | INFO | NO SIGNAL [crypto/SOLUSDT]: No setup
2026-06-03 17:23:02,496 | INFO | NO SIGNAL [crypto/SUIUSDT]: No setup
2026-06-03 17:23:02,502 | INFO | NO SIGNAL [crypto/DOGEUSDT]: No setup
2026-06-03 17:23:02,506 | INFO | SIGNAL: UNIUSDT -> LONG (Score:91.0)
2026-06-03 17:23:02,510 | INFO | NO SIGNAL [crypto/ZECUSDT]: No setup
2026-06-03 17:23:02,518 | INFO | NO SIGNAL [crypto/1000SATSUSDT]: No setup
2026-06-03 17:23:02,522 | INFO | NO SIGNAL [crypto/DOGSUSDT]: No setup
2026-06-03 17:23:02,530 | INFO | NO SIGNAL [crypto/NEIROUSDT]: No setup
2026-06-03 17:23:02,546 | INFO | SIGNAL: 1000PEPEUSDT -> LONG (Score:89.7)
2026-06-03 17:23:02,568 | INFO | NO SIGNAL [crypto/PUMPUSDT]: No setup
2026-06-03 17:23:02,586 | INFO | NO SIGNAL [crypto/NOTUSDT]: No setup
2026-06-03 17:23:02,590 | INFO | NO SIGNAL [crypto/MEMEUSDT]: No setup
2026-06-03 17:23:02,591 | INFO | --- Analyzing FOREX ---
2026-06-03 17:23:02,594 | INFO | NO SIGNAL [forex/EURUSD]: No setup
2026-06-03 17:23:02,598 | INFO | NO SIGNAL [forex/GBPUSD]: No setup
2026-06-03 17:23:02,603 | INFO | NO SIGNAL [forex/USDJPY]: No setup
2026-06-03 17:23:02,607 | INFO | NO SIGNAL [forex/AUDUSD]: No setup
2026-06-03 17:23:02,613 | INFO | NO SIGNAL [forex/USDCAD]: No setup
2026-06-03 17:23:02,619 | INFO | NO SIGNAL [forex/NZDUSD]: No setup
2026-06-03 17:23:02,624 | INFO | NO SIGNAL [forex/EURGBP]: No setup
2026-06-03 17:23:02,631 | INFO | NO SIGNAL [forex/EURJPY]: No setup
2026-06-03 17:23:02,632 | INFO | --- Analyzing STOCKS ---
2026-06-03 17:23:02,637 | INFO | NO SIGNAL [stock/AAPL]: No setup
2026-06-03 17:23:02,640 | INFO | SIGNAL: MSFT -> SHORT (Score:72.8)
2026-06-03 17:23:02,644 | INFO | NO SIGNAL [stock/GOOGL]: No setup
2026-06-03 17:23:02,649 | INFO | NO SIGNAL [stock/AMZN]: No setup
2026-06-03 17:23:02,655 | INFO | NO SIGNAL [stock/META]: No setup
2026-06-03 17:23:02,671 | INFO | NO SIGNAL [stock/TSLA]: No setup
2026-06-03 17:23:02,688 | INFO | NO SIGNAL [stock/NVDA]: No setup
2026-06-03 17:23:02,700 | INFO | NO SIGNAL [stock/JPM]: No setup
2026-06-03 17:23:02,705 | INFO | --- Analyzing OIL ---
2026-06-03 17:23:02,711 | INFO | NO SIGNAL [oil/WTI]: No setup
2026-06-03 17:23:02,718 | INFO | NO SIGNAL [oil/BRENT]: No setup
2026-06-03 17:23:02,720 | INFO | === 3 signals | 0 skipped | 7 errors ===
2026-06-03 17:23:04,391 | INFO | Sent 3 FREE signals
2026-06-03 17:23:10,647 | INFO | Sent 3 VIP signals
2026-06-03 17:23:10,653 | INFO | Saved local JSON
2026-06-03 17:23:12,514 | INFO | GitHub push OK
2026-06-03 17:23:12,527 | INFO | CYCLE COMPLETE
2026-06-03 17:23:12,528 | INFO | ==================================================
2026-06-03 17:55:03,640 | INFO | ==================================================
2026-06-03 17:55:03,641 | INFO | CYCLE START: 2026-06-03 17:55:03.641747
2026-06-03 17:55:03,642 | INFO | ==================================================
2026-06-03 17:55:03,642 | INFO | === FETCHING CRYPTO ===
2026-06-03 17:55:06,155 | INFO |   OK BTCUSDT
2026-06-03 17:55:06,851 | INFO |   OK ETHUSDT
2026-06-03 17:55:07,425 | INFO |   OK SOLUSDT
2026-06-03 17:55:08,023 | INFO |   OK SUIUSDT
2026-06-03 17:55:08,583 | INFO |   OK DOGEUSDT
2026-06-03 17:55:09,133 | INFO |   OK UNIUSDT
2026-06-03 17:55:09,689 | INFO |   OK ZECUSDT
2026-06-03 17:55:14,899 | INFO | === FETCHING FOREX ===
2026-06-03 17:55:18,461 | INFO | Forex EURUSD: using TwelveData real data
2026-06-03 17:55:18,461 | INFO |   OK EURUSD
2026-06-03 17:55:21,759 | INFO | Forex GBPUSD: using TwelveData real data
2026-06-03 17:55:21,761 | INFO |   OK GBPUSD
2026-06-03 17:55:47,670 | ERROR | TwelveData fetch: USD/JPY
2026-06-03 17:55:47,709 | WARNING | Forex USDJPY: TwelveData failed, using synthetic
2026-06-03 17:55:48,029 | INFO |   OK USDJPY
2026-06-03 17:56:03,844 | INFO | Forex AUDUSD: using TwelveData real data
2026-06-03 17:56:03,845 | INFO |   OK AUDUSD
2026-06-03 17:56:07,197 | INFO | Forex USDCAD: using TwelveData real data
2026-06-03 17:56:07,198 | INFO |   OK USDCAD
2026-06-03 17:56:33,360 | ERROR | TwelveData fetch: NZD/USD
2026-06-03 17:56:33,384 | WARNING | Forex NZDUSD: TwelveData failed, using synthetic
2026-06-03 17:56:33,478 | INFO |   OK NZDUSD
2026-06-03 17:57:09,065 | ERROR | TwelveData fetch: EUR/GBP
2026-06-03 17:57:09,098 | WARNING | Forex EURGBP: TwelveData failed, using synthetic
2026-06-03 17:57:09,164 | INFO |   OK EURGBP
2026-06-03 17:57:12,635 | INFO | Forex EURJPY: using TwelveData real data
2026-06-03 17:57:12,635 | INFO |   OK EURJPY
2026-06-03 17:57:12,636 | INFO | === FETCHING STOCKS ===
2026-06-03 17:57:42,162 | ERROR | TwelveData fetch: AAPL
2026-06-03 17:57:42,194 | WARNING | Stock AAPL: using synthetic data
2026-06-03 17:57:42,199 | INFO |   OK AAPL
2026-06-03 17:58:12,088 | INFO | Stock MSFT: using TwelveData real data
2026-06-03 17:58:12,089 | INFO |   OK MSFT
2026-06-03 17:58:16,107 | INFO | Stock GOOGL: using TwelveData real data
2026-06-03 17:58:16,108 | INFO |   OK GOOGL
2026-06-03 17:58:42,071 | ERROR | TwelveData fetch: AMZN
2026-06-03 17:58:42,089 | WARNING | Stock AMZN: using synthetic data
2026-06-03 17:58:42,093 | INFO |   OK AMZN
2026-06-03 17:59:11,954 | INFO | Stock META: using TwelveData real data
2026-06-03 17:59:11,955 | INFO |   OK META
2026-06-03 17:59:15,952 | INFO | Stock TSLA: using TwelveData real data
2026-06-03 17:59:15,953 | INFO |   OK TSLA
2026-06-03 17:59:42,019 | ERROR | TwelveData fetch: NVDA
2026-06-03 17:59:42,034 | WARNING | Stock NVDA: using synthetic data
2026-06-03 17:59:42,037 | INFO |   OK NVDA
2026-06-03 18:00:14,339 | INFO | Stock JPM: using TwelveData real data
2026-06-03 18:00:14,340 | INFO |   OK JPM
2026-06-03 18:00:14,341 | INFO | === FETCHING OIL ===
2026-06-03 18:00:19,894 | WARNING | Oil WTI: using synthetic data
2026-06-03 18:00:19,905 | INFO |   OK WTI
2026-06-03 18:00:48,899 | ERROR | TwelveData fetch: BRENT/USD
2026-06-03 18:00:48,924 | WARNING | Oil BRENT: using synthetic data
2026-06-03 18:00:48,929 | INFO |   OK BRENT
2026-06-03 18:00:48,930 | INFO | MARKET RAW COUNTS: crypto=14 forex=8 stock=8 oil=2
2026-06-03 18:00:48,930 | INFO | --- Analyzing CRYPTO ---
2026-06-03 18:00:48,931 | INFO | BTC: Bearish: LH+LL (valid=True)
2026-06-03 18:00:48,936 | INFO | NO SIGNAL [crypto/BTCUSDT]: No setup
2026-06-03 18:00:48,941 | INFO | NO SIGNAL [crypto/ETHUSDT]: No setup
2026-06-03 18:00:48,946 | INFO | NO SIGNAL [crypto/SOLUSDT]: No setup
2026-06-03 18:00:48,951 | INFO | NO SIGNAL [crypto/SUIUSDT]: No setup
2026-06-03 18:00:48,957 | INFO | NO SIGNAL [crypto/DOGEUSDT]: No setup
2026-06-03 18:00:48,962 | INFO | SIGNAL: UNIUSDT -> LONG (Score:89.8)
2026-06-03 18:00:48,966 | INFO | NO SIGNAL [crypto/ZECUSDT]: No setup
2026-06-03 18:00:48,972 | INFO | NO SIGNAL [crypto/1000SATSUSDT]: No setup
2026-06-03 18:00:48,977 | INFO | NO SIGNAL [crypto/DOGSUSDT]: No setup
2026-06-03 18:00:48,982 | INFO | NO SIGNAL [crypto/NEIROUSDT]: No setup
2026-06-03 18:00:48,987 | INFO | SIGNAL: 1000PEPEUSDT -> LONG (Score:92.2)
2026-06-03 18:00:48,992 | INFO | NO SIGNAL [crypto/PUMPUSDT]: No setup
2026-06-03 18:00:48,997 | INFO | SIGNAL: NOTUSDT -> LONG (Score:82.8)
2026-06-03 18:00:49,002 | INFO | NO SIGNAL [crypto/MEMEUSDT]: No setup
2026-06-03 18:00:49,002 | INFO | --- Analyzing FOREX ---
2026-06-03 18:00:49,007 | INFO | NO SIGNAL [forex/EURUSD]: No setup
2026-06-03 18:00:49,012 | INFO | NO SIGNAL [forex/GBPUSD]: No setup
2026-06-03 18:00:49,014 | INFO | NO SIGNAL [forex/USDJPY]: No setup
2026-06-03 18:00:49,020 | INFO | NO SIGNAL [forex/AUDUSD]: No setup
2026-06-03 18:00:49,025 | INFO | NO SIGNAL [forex/USDCAD]: No setup
2026-06-03 18:00:49,027 | INFO | NO SIGNAL [forex/NZDUSD]: No setup
2026-06-03 18:00:49,029 | INFO | NO SIGNAL [forex/EURGBP]: No setup
2026-06-03 18:00:49,034 | INFO | NO SIGNAL [forex/EURJPY]: No setup
2026-06-03 18:00:49,035 | INFO | --- Analyzing STOCKS ---
2026-06-03 18:00:49,037 | INFO | NO SIGNAL [stock/AAPL]: No setup
2026-06-03 18:00:49,042 | INFO | SIGNAL: MSFT -> SHORT (Score:72.8)
2026-06-03 18:00:49,047 | INFO | NO SIGNAL [stock/GOOGL]: No setup
2026-06-03 18:00:49,049 | INFO | NO SIGNAL [stock/AMZN]: No setup
2026-06-03 18:00:49,054 | INFO | SIGNAL: META -> SHORT (Score:79.0)
2026-06-03 18:00:49,060 | INFO | NO SIGNAL [stock/TSLA]: No setup
2026-06-03 18:00:49,062 | INFO | NO SIGNAL [stock/NVDA]: No setup
2026-06-03 18:00:49,067 | INFO | SIGNAL: JPM -> LONG (Score:100.0)
2026-06-03 18:00:49,067 | INFO | --- Analyzing OIL ---
2026-06-03 18:00:49,070 | INFO | NO SIGNAL [oil/WTI]: No setup
2026-06-03 18:00:49,072 | INFO | NO SIGNAL [oil/BRENT]: No setup
2026-06-03 18:00:49,072 | INFO | === 6 signals | 0 skipped | 7 errors ===
2026-06-03 18:00:50,740 | INFO | Sent 6 FREE signals
2026-06-03 18:00:57,105 | INFO | Sent 6 VIP signals
2026-06-03 18:00:57,113 | INFO | Saved local JSON
2026-06-03 18:00:59,393 | INFO | GitHub push OK
2026-06-03 18:00:59,404 | INFO | CYCLE COMPLETE
2026-06-03 18:00:59,405 | INFO | ==================================================
2026-06-03 19:18:29,543 | INFO | ==================================================
2026-06-03 19:18:29,545 | INFO | CYCLE START: 2026-06-03 19:18:29.544911
2026-06-03 19:18:29,545 | INFO | ==================================================
2026-06-03 19:18:29,545 | INFO | === FETCHING CRYPTO ===
2026-06-03 19:18:30,557 | INFO |   OK BTCUSDT
2026-06-03 19:18:31,174 | INFO |   OK ETHUSDT
2026-06-03 19:18:31,755 | INFO |   OK SOLUSDT
2026-06-03 19:18:32,306 | INFO |   OK SUIUSDT
2026-06-03 19:18:32,884 | INFO |   OK DOGEUSDT
2026-06-03 19:18:33,759 | INFO |   OK UNIUSDT
2026-06-03 19:18:34,503 | INFO |   OK ZECUSDT
2026-06-03 19:18:39,671 | INFO | === FETCHING FOREX ===
2026-06-03 19:18:40,044 | INFO | Forex EURUSD: using Yahoo Finance real data
2026-06-03 19:18:40,045 | INFO |   OK EURUSD
2026-06-03 19:18:40,139 | INFO | Forex GBPUSD: using Yahoo Finance real data
2026-06-03 19:18:40,140 | INFO |   OK GBPUSD
2026-06-03 19:18:40,231 | INFO | Forex USDJPY: using Yahoo Finance real data
2026-06-03 19:18:40,231 | INFO |   OK USDJPY
2026-06-03 19:18:40,336 | INFO | Forex AUDUSD: using Yahoo Finance real data
2026-06-03 19:18:40,337 | INFO |   OK AUDUSD
2026-06-03 19:18:40,423 | INFO | Forex USDCAD: using Yahoo Finance real data
2026-06-03 19:18:40,424 | INFO |   OK USDCAD
2026-06-03 19:18:40,503 | INFO | Forex NZDUSD: using Yahoo Finance real data
2026-06-03 19:18:40,505 | INFO |   OK NZDUSD
2026-06-03 19:18:40,592 | INFO | Forex EURGBP: using Yahoo Finance real data
2026-06-03 19:18:40,593 | INFO |   OK EURGBP
2026-06-03 19:18:40,686 | INFO | Forex EURJPY: using Yahoo Finance real data
2026-06-03 19:18:40,686 | INFO |   OK EURJPY
2026-06-03 19:18:40,687 | INFO | === FETCHING STOCKS ===
2026-06-03 19:18:40,808 | INFO | Stock AAPL: using Yahoo Finance real data
2026-06-03 19:18:40,809 | INFO |   OK AAPL
2026-06-03 19:18:40,901 | INFO | Stock MSFT: using Yahoo Finance real data
2026-06-03 19:18:40,903 | INFO |   OK MSFT
2026-06-03 19:18:40,984 | INFO | Stock GOOGL: using Yahoo Finance real data
2026-06-03 19:18:40,985 | INFO |   OK GOOGL
2026-06-03 19:18:41,085 | INFO | Stock AMZN: using Yahoo Finance real data
2026-06-03 19:18:41,086 | INFO |   OK AMZN
2026-06-03 19:18:41,160 | INFO | Stock META: using Yahoo Finance real data
2026-06-03 19:18:41,161 | INFO |   OK META
2026-06-03 19:18:41,257 | INFO | Stock TSLA: using Yahoo Finance real data
2026-06-03 19:18:41,259 | INFO |   OK TSLA
2026-06-03 19:18:41,350 | INFO | Stock NVDA: using Yahoo Finance real data
2026-06-03 19:18:41,351 | INFO |   OK NVDA
2026-06-03 19:18:41,449 | INFO | Stock JPM: using Yahoo Finance real data
2026-06-03 19:18:41,449 | INFO |   OK JPM
2026-06-03 19:18:41,450 | INFO | === FETCHING OIL ===
2026-06-03 19:18:41,543 | INFO | Oil WTI: using Yahoo Finance real data
2026-06-03 19:18:41,544 | INFO |   OK WTI
2026-06-03 19:18:41,626 | INFO | Oil BRENT: using Yahoo Finance real data
2026-06-03 19:18:41,627 | INFO |   OK BRENT
2026-06-03 19:18:41,627 | INFO | MARKET RAW COUNTS: crypto=14 forex=8 stock=8 oil=2
2026-06-03 19:18:41,627 | INFO | --- Analyzing CRYPTO ---
2026-06-03 19:18:41,629 | INFO | BTC: Bullish: HH+HL (valid=True)
2026-06-03 19:18:41,637 | INFO | SIGNAL: BTCUSDT -> SHORT (Score:69.8)
2026-06-03 19:18:41,643 | INFO | SIGNAL: ETHUSDT -> SHORT (Score:62.8)
2026-06-03 19:18:41,649 | INFO | NO SIGNAL [crypto/SOLUSDT]: No setup
2026-06-03 19:18:41,653 | INFO | NO SIGNAL [crypto/SUIUSDT]: No setup
2026-06-03 19:18:41,658 | WARNING | SKIP [DOGEUSDT]: BTC bullish, SHORT blocked
2026-06-03 19:18:41,659 | INFO | NO SIGNAL [crypto/DOGEUSDT]: No setup
2026-06-03 19:18:41,664 | INFO | NO SIGNAL [crypto/UNIUSDT]: No setup
2026-06-03 19:18:41,669 | INFO | SIGNAL: ZECUSDT -> SHORT (Score:62.1)
2026-06-03 19:18:41,674 | INFO | NO SIGNAL [crypto/1000SATSUSDT]: No setup
2026-06-03 19:18:41,679 | WARNING | SKIP [DOGSUSDT]: BTC bullish, SHORT blocked
2026-06-03 19:18:41,679 | INFO | NO SIGNAL [crypto/DOGSUSDT]: No setup
2026-06-03 19:18:41,683 | INFO | NO SIGNAL [crypto/NEIROUSDT]: No setup
2026-06-03 19:18:41,688 | WARNING | SKIP [1000PEPEUSDT]: BTC bullish, SHORT blocked
2026-06-03 19:18:41,688 | INFO | NO SIGNAL [crypto/1000PEPEUSDT]: No setup
2026-06-03 19:18:41,693 | INFO | NO SIGNAL [crypto/PUMPUSDT]: No setup
2026-06-03 19:18:41,697 | WARNING | SKIP [NOTUSDT]: BTC bullish, SHORT blocked
2026-06-03 19:18:41,698 | INFO | NO SIGNAL [crypto/NOTUSDT]: No setup
2026-06-03 19:18:41,702 | INFO | NO SIGNAL [crypto/MEMEUSDT]: No setup
2026-06-03 19:18:41,703 | INFO | --- Analyzing FOREX ---
2026-06-03 19:18:41,705 | INFO | NO SIGNAL [forex/EURUSD]: No setup
2026-06-03 19:18:41,708 | INFO | NO SIGNAL [forex/GBPUSD]: No setup
2026-06-03 19:18:41,710 | INFO | NO SIGNAL [forex/USDJPY]: No setup
2026-06-03 19:18:41,713 | INFO | NO SIGNAL [forex/AUDUSD]: No setup
2026-06-03 19:18:41,715 | INFO | NO SIGNAL [forex/USDCAD]: No setup
2026-06-03 19:18:41,717 | INFO | NO SIGNAL [forex/NZDUSD]: No setup
2026-06-03 19:18:41,720 | INFO | NO SIGNAL [forex/EURGBP]: No setup
2026-06-03 19:18:41,722 | INFO | NO SIGNAL [forex/EURJPY]: No setup
2026-06-03 19:18:41,723 | INFO | --- Analyzing STOCKS ---
2026-06-03 19:18:41,724 | INFO | SIGNAL: AAPL -> LONG (Score:77.3)
2026-06-03 19:18:41,726 | INFO | NO SIGNAL [stock/MSFT]: No setup
2026-06-03 19:18:41,727 | INFO | NO SIGNAL [stock/GOOGL]: No setup
2026-06-03 19:18:41,728 | INFO | NO SIGNAL [stock/AMZN]: No setup
2026-06-03 19:18:41,730 | INFO | NO SIGNAL [stock/META]: No setup
2026-06-03 19:18:41,731 | INFO | NO SIGNAL [stock/TSLA]: No setup
2026-06-03 19:18:41,732 | INFO | NO SIGNAL [stock/NVDA]: No setup
2026-06-03 19:18:41,734 | INFO | SIGNAL: JPM -> LONG (Score:79.8)
2026-06-03 19:18:41,734 | INFO | --- Analyzing OIL ---
2026-06-03 19:18:41,736 | INFO | SIGNAL: WTI -> LONG (Score:69.2)
2026-06-03 19:18:41,738 | INFO | SIGNAL: BRENT -> LONG (Score:69.2)
2026-06-03 19:18:41,738 | INFO | === 7 signals | 4 skipped | 0 errors ===
2026-06-03 19:18:43,320 | INFO | Sent 7 FREE signals
2026-06-03 19:18:51,142 | INFO | Sent 7 VIP signals
2026-06-03 19:18:51,145 | INFO | Saved local JSON
2026-06-03 19:18:53,766 | INFO | GitHub push OK
2026-06-03 19:18:53,775 | INFO | CYCLE COMPLETE
2026-06-03 19:18:53,775 | INFO | ==================================================
2026-06-03 20:18:53,809 | INFO | ==================================================
2026-06-03 20:18:53,822 | INFO | CYCLE START: 2026-06-03 20:18:53.822313
2026-06-03 20:18:53,823 | INFO | ==================================================
2026-06-03 20:18:53,824 | INFO | === FETCHING CRYPTO ===
2026-06-03 20:18:54,949 | INFO |   OK BTCUSDT
2026-06-03 20:18:55,494 | INFO |   OK ETHUSDT
2026-06-03 20:18:56,038 | INFO |   OK SOLUSDT
2026-06-03 20:18:56,562 | INFO |   OK SUIUSDT
2026-06-03 20:18:57,153 | INFO |   OK DOGEUSDT
2026-06-03 20:18:57,702 | INFO |   OK UNIUSDT
2026-06-03 20:18:58,260 | INFO |   OK ZECUSDT
2026-06-03 20:19:03,609 | INFO | === FETCHING FOREX ===
2026-06-03 20:19:04,213 | INFO | Forex EURUSD: using Yahoo Finance real data
2026-06-03 20:19:04,215 | INFO |   OK EURUSD
2026-06-03 20:19:04,298 | INFO | Forex GBPUSD: using Yahoo Finance real data
2026-06-03 20:19:04,300 | INFO |   OK GBPUSD
2026-06-03 20:19:04,381 | INFO | Forex USDJPY: using Yahoo Finance real data
2026-06-03 20:19:04,383 | INFO |   OK USDJPY
2026-06-03 20:19:04,471 | INFO | Forex AUDUSD: using Yahoo Finance real data
2026-06-03 20:19:04,472 | INFO |   OK AUDUSD
2026-06-03 20:19:04,555 | INFO | Forex USDCAD: using Yahoo Finance real data
2026-06-03 20:19:04,557 | INFO |   OK USDCAD
2026-06-03 20:19:04,636 | INFO | Forex NZDUSD: using Yahoo Finance real data
2026-06-03 20:19:04,637 | INFO |   OK NZDUSD
2026-06-03 20:19:04,734 | INFO | Forex EURGBP: using Yahoo Finance real data
2026-06-03 20:19:04,736 | INFO |   OK EURGBP
2026-06-03 20:19:04,819 | INFO | Forex EURJPY: using Yahoo Finance real data
2026-06-03 20:19:04,820 | INFO |   OK EURJPY
2026-06-03 20:19:04,821 | INFO | === FETCHING STOCKS ===
2026-06-03 20:19:04,901 | INFO | Stock AAPL: using Yahoo Finance real data
2026-06-03 20:19:04,902 | INFO |   OK AAPL
2026-06-03 20:19:04,993 | INFO | Stock MSFT: using Yahoo Finance real data
2026-06-03 20:19:04,993 | INFO |   OK MSFT
2026-06-03 20:19:05,081 | INFO | Stock GOOGL: using Yahoo Finance real data
2026-06-03 20:19:05,082 | INFO |   OK GOOGL
2026-06-03 20:19:05,159 | INFO | Stock AMZN: using Yahoo Finance real data
2026-06-03 20:19:05,159 | INFO |   OK AMZN
2026-06-03 20:19:05,243 | INFO | Stock META: using Yahoo Finance real data
2026-06-03 20:19:05,245 | INFO |   OK META
2026-06-03 20:19:05,330 | INFO | Stock TSLA: using Yahoo Finance real data
2026-06-03 20:19:05,331 | INFO |   OK TSLA
2026-06-03 20:19:05,422 | INFO | Stock NVDA: using Yahoo Finance real data
2026-06-03 20:19:05,423 | INFO |   OK NVDA
2026-06-03 20:19:05,501 | INFO | Stock JPM: using Yahoo Finance real data
2026-06-03 20:19:05,502 | INFO |   OK JPM
2026-06-03 20:19:05,503 | INFO | === FETCHING OIL ===
2026-06-03 20:19:05,589 | INFO | Oil WTI: using Yahoo Finance real data
2026-06-03 20:19:05,591 | INFO |   OK WTI
2026-06-03 20:19:05,676 | INFO | Oil BRENT: using Yahoo Finance real data
2026-06-03 20:19:05,677 | INFO |   OK BRENT
2026-06-03 20:19:05,678 | INFO | MARKET RAW COUNTS: crypto=14 forex=8 stock=8 oil=2
2026-06-03 20:19:05,678 | INFO | --- Analyzing CRYPTO ---
2026-06-03 20:19:05,679 | INFO | BTC: Bullish: HH+HL (valid=True)
2026-06-03 20:19:05,697 | INFO | NO SIGNAL [crypto/BTCUSDT]: No setup
2026-06-03 20:19:05,711 | INFO | SIGNAL: ETHUSDT -> SHORT (Score:73.6)
2026-06-03 20:19:05,723 | INFO | NO SIGNAL [crypto/SOLUSDT]: No setup
2026-06-03 20:19:05,735 | INFO | NO SIGNAL [crypto/SUIUSDT]: No setup
2026-06-03 20:19:05,746 | INFO | NO SIGNAL [crypto/DOGEUSDT]: No setup
2026-06-03 20:19:05,751 | INFO | SIGNAL: UNIUSDT -> LONG (Score:87.0)
2026-06-03 20:19:05,757 | INFO | SIGNAL: ZECUSDT -> LONG (Score:88.2)
2026-06-03 20:19:05,764 | INFO | SIGNAL: 1000SATSUSDT -> LONG (Score:92.0)
2026-06-03 20:19:05,771 | INFO | NO SIGNAL [crypto/DOGSUSDT]: No setup
2026-06-03 20:19:05,777 | INFO | SIGNAL: NEIROUSDT -> LONG (Score:93.3)
2026-06-03 20:19:05,782 | INFO | SIGNAL: 1000PEPEUSDT -> LONG (Score:90.2)
2026-06-03 20:19:05,788 | INFO | NO SIGNAL [crypto/PUMPUSDT]: No setup
2026-06-03 20:19:05,793 | INFO | NO SIGNAL [crypto/NOTUSDT]: No setup
2026-06-03 20:19:05,799 | INFO | SIGNAL: MEMEUSDT -> LONG (Score:91.0)
2026-06-03 20:19:05,799 | INFO | --- Analyzing FOREX ---
2026-06-03 20:19:05,802 | INFO | NO SIGNAL [forex/EURUSD]: No setup
2026-06-03 20:19:05,805 | INFO | NO SIGNAL [forex/GBPUSD]: No setup
2026-06-03 20:19:05,808 | INFO | NO SIGNAL [forex/USDJPY]: No setup
2026-06-03 20:19:05,813 | INFO | NO SIGNAL [forex/AUDUSD]: No setup
2026-06-03 20:19:05,816 | INFO | NO SIGNAL [forex/USDCAD]: No setup
2026-06-03 20:19:05,819 | INFO | NO SIGNAL [forex/NZDUSD]: No setup
2026-06-03 20:19:05,823 | INFO | NO SIGNAL [forex/EURGBP]: No setup
2026-06-03 20:19:05,829 | INFO | NO SIGNAL [forex/EURJPY]: No setup
2026-06-03 20:19:05,830 | INFO | --- Analyzing STOCKS ---
2026-06-03 20:19:05,833 | INFO | SIGNAL: AAPL -> LONG (Score:77.3)
2026-06-03 20:19:05,836 | INFO | NO SIGNAL [stock/MSFT]: No setup
2026-06-03 20:19:05,839 | INFO | NO SIGNAL [stock/GOOGL]: No setup
2026-06-03 20:19:05,842 | INFO | NO SIGNAL [stock/AMZN]: No setup
2026-06-03 20:19:05,845 | INFO | NO SIGNAL [stock/META]: No setup
2026-06-03 20:19:05,848 | INFO | NO SIGNAL [stock/TSLA]: No setup
2026-06-03 20:19:05,850 | INFO | NO SIGNAL [stock/NVDA]: No setup
2026-06-03 20:19:05,854 | INFO | SIGNAL: JPM -> LONG (Score:79.8)
2026-06-03 20:19:05,855 | INFO | --- Analyzing OIL ---
2026-06-03 20:19:05,860 | INFO | NO SIGNAL [oil/WTI]: No setup
2026-06-03 20:19:05,865 | INFO | SIGNAL: BRENT -> LONG (Score:67.8)
2026-06-03 20:19:05,865 | INFO | === 10 signals | 0 skipped | 0 errors ===
2026-06-03 20:19:16,776 | INFO | Sent 8 FREE signals
2026-06-03 20:19:24,512 | INFO | Sent 8 VIP signals
2026-06-03 20:19:24,522 | INFO | Saved local JSON
2026-06-03 20:19:26,572 | INFO | GitHub push OK
2026-06-03 20:19:26,594 | INFO | CYCLE COMPLETE
2026-06-03 20:19:26,595 | INFO | ==================================================
2026-06-03 20:43:02,205 | INFO | ==================================================
2026-06-03 20:43:02,206 | INFO | CYCLE START: 2026-06-03 20:43:02.206648
2026-06-03 20:43:02,207 | INFO | ==================================================
2026-06-03 20:43:02,207 | INFO | === FETCHING CRYPTO ===
2026-06-03 20:43:03,717 | INFO |   OK BTCUSDT
2026-06-03 20:43:04,379 | INFO |   OK ETHUSDT
2026-06-03 20:43:05,028 | INFO |   OK SOLUSDT
2026-06-03 20:43:05,753 | INFO |   OK SUIUSDT
2026-06-03 20:43:06,357 | INFO |   OK DOGEUSDT
2026-06-03 20:43:06,901 | INFO |   OK UNIUSDT
2026-06-03 20:43:07,437 | INFO |   OK ZECUSDT
2026-06-03 20:43:12,950 | INFO | === FETCHING FOREX ===
2026-06-03 20:43:13,949 | WARNING | Forex eurusd: insufficient OHLC data (7 lines)
2026-06-03 20:43:14,178 | WARNING | Forex gbpusd: insufficient OHLC data (7 lines)
2026-06-03 20:43:14,407 | WARNING | Forex usdjpy: insufficient OHLC data (7 lines)
2026-06-03 20:43:14,640 | WARNING | Forex audusd: insufficient OHLC data (7 lines)
2026-06-03 20:43:14,873 | WARNING | Forex usdcad: insufficient OHLC data (7 lines)
2026-06-03 20:43:15,110 | WARNING | Forex nzdusd: insufficient OHLC data (7 lines)
2026-06-03 20:43:15,341 | WARNING | Forex eurgbp: insufficient OHLC data (7 lines)
2026-06-03 20:43:15,569 | WARNING | Forex eurjpy: insufficient OHLC data (7 lines)
2026-06-03 20:43:15,569 | INFO | === FETCHING STOCKS ===
2026-06-03 20:43:15,849 | WARNING | Stock AAPL: HTTP 401
2026-06-03 20:43:15,911 | WARNING | Stock MSFT: HTTP 401
2026-06-03 20:43:15,988 | WARNING | Stock GOOGL: HTTP 401
2026-06-03 20:43:16,052 | WARNING | Stock AMZN: HTTP 401
2026-06-03 20:43:16,120 | WARNING | Stock META: HTTP 401
2026-06-03 20:43:16,190 | WARNING | Stock TSLA: HTTP 401
2026-06-03 20:43:16,258 | WARNING | Stock NVDA: HTTP 401
2026-06-03 20:43:16,331 | WARNING | Stock JPM: HTTP 401
2026-06-03 20:43:16,332 | INFO | === FETCHING OIL ===
2026-06-03 20:43:16,545 | WARNING | Oil WTI: HTTP 401
2026-06-03 20:43:16,615 | WARNING | Oil BRENT: HTTP 401
2026-06-03 20:43:16,615 | INFO | MARKET RAW COUNTS: crypto=14 forex=0 stock=0 oil=0
2026-06-03 20:43:16,616 | INFO | --- Analyzing CRYPTO ---
2026-06-03 20:43:16,617 | INFO | BTC: Bullish: HH+HL (valid=True)
2026-06-03 20:43:16,625 | INFO | SIGNAL: BTCUSDT -> SHORT (Score:73.0)
2026-06-03 20:43:16,633 | INFO | SIGNAL: ETHUSDT -> SHORT (Score:70.6)
2026-06-03 20:43:16,638 | WARNING | SKIP [SOLUSDT]: BTC bullish, SHORT blocked
2026-06-03 20:43:16,638 | INFO | NO SIGNAL [crypto/SOLUSDT]: No setup
2026-06-03 20:43:16,643 | INFO | NO SIGNAL [crypto/SUIUSDT]: No setup
2026-06-03 20:43:16,648 | INFO | NO SIGNAL [crypto/DOGEUSDT]: No setup
2026-06-03 20:43:16,653 | INFO | SIGNAL: UNIUSDT -> LONG (Score:78.8)
2026-06-03 20:43:16,658 | INFO | SIGNAL: ZECUSDT -> LONG (Score:82.6)
2026-06-03 20:43:16,663 | INFO | SIGNAL: 1000SATSUSDT -> LONG (Score:87.6)
2026-06-03 20:43:16,668 | INFO | NO SIGNAL [crypto/DOGSUSDT]: No setup
2026-06-03 20:43:16,673 | INFO | SIGNAL: NEIROUSDT -> LONG (Score:86.7)
2026-06-03 20:43:16,678 | WARNING | SKIP [1000PEPEUSDT]: BTC bullish, SHORT blocked
2026-06-03 20:43:16,678 | INFO | NO SIGNAL [crypto/1000PEPEUSDT]: No setup
2026-06-03 20:43:16,683 | INFO | NO SIGNAL [crypto/PUMPUSDT]: No setup
2026-06-03 20:43:16,687 | INFO | NO SIGNAL [crypto/NOTUSDT]: No setup
2026-06-03 20:43:16,692 | INFO | NO SIGNAL [crypto/MEMEUSDT]: No setup
2026-06-03 20:43:16,692 | INFO | --- Analyzing FOREX ---
2026-06-03 20:43:16,693 | INFO | --- Analyzing STOCKS ---
2026-06-03 20:43:16,693 | INFO | --- Analyzing OIL ---
2026-06-03 20:43:16,693 | INFO | === 6 signals | 2 skipped | 0 errors ===
2026-06-03 20:43:27,389 | INFO | Sent 5 FREE signals
2026-06-03 20:43:47,244 | INFO | Sent 5 VIP signals
2026-06-03 20:43:47,254 | INFO | Saved local JSON
2026-06-03 20:43:49,767 | INFO | GitHub push OK
2026-06-03 20:43:49,779 | INFO | CYCLE COMPLETE
2026-06-03 20:43:49,779 | INFO | ==================================================
2026-06-03 21:18:28,325 | INFO | ==================================================
2026-06-03 21:18:28,332 | INFO | CYCLE START: 2026-06-03 21:18:28.331914
2026-06-03 21:18:28,332 | INFO | ==================================================
2026-06-03 21:18:28,332 | INFO | === FETCHING CRYPTO ===
2026-06-03 21:18:29,550 | INFO |   OK BTCUSDT
2026-06-03 21:18:30,093 | INFO |   OK ETHUSDT
2026-06-03 21:18:30,713 | INFO |   OK SOLUSDT
2026-06-03 21:18:31,349 | INFO |   OK SUIUSDT
2026-06-03 21:18:31,931 | INFO |   OK DOGEUSDT
2026-06-03 21:18:32,608 | INFO |   OK UNIUSDT
2026-06-03 21:18:33,185 | INFO |   OK ZECUSDT
2026-06-03 21:18:38,405 | INFO | === FETCHING FOREX ===
2026-06-03 21:18:39,767 | WARNING | Forex eurusd: insufficient OHLC data (7 lines)
2026-06-03 21:18:40,011 | WARNING | Forex gbpusd: insufficient OHLC data (7 lines)
2026-06-03 21:18:40,257 | WARNING | Forex usdjpy: insufficient OHLC data (7 lines)
2026-06-03 21:18:40,503 | WARNING | Forex audusd: insufficient OHLC data (7 lines)
2026-06-03 21:18:40,753 | WARNING | Forex usdcad: insufficient OHLC data (7 lines)
2026-06-03 21:18:41,011 | WARNING | Forex nzdusd: insufficient OHLC data (7 lines)
2026-06-03 21:18:41,256 | WARNING | Forex eurgbp: insufficient OHLC data (7 lines)
2026-06-03 21:18:41,506 | WARNING | Forex eurjpy: insufficient OHLC data (7 lines)
2026-06-03 21:18:41,507 | INFO | === FETCHING STOCKS ===
2026-06-03 21:18:42,219 | WARNING | Stock AAPL: HTTP 401
2026-06-03 21:18:42,316 | WARNING | Stock MSFT: HTTP 401
2026-06-03 21:18:42,376 | WARNING | Stock GOOGL: HTTP 401
2026-06-03 21:18:42,450 | WARNING | Stock AMZN: HTTP 401
2026-06-03 21:18:42,511 | WARNING | Stock META: HTTP 401
2026-06-03 21:18:42,573 | WARNING | Stock TSLA: HTTP 401
2026-06-03 21:18:42,643 | WARNING | Stock NVDA: HTTP 401
2026-06-03 21:18:42,706 | WARNING | Stock JPM: HTTP 401
2026-06-03 21:18:42,707 | INFO | === FETCHING OIL ===
2026-06-03 21:18:42,927 | WARNING | Oil WTI: HTTP 401
2026-06-03 21:18:43,140 | WARNING | Oil BRENT: HTTP 401
2026-06-03 21:18:43,141 | INFO | MARKET RAW COUNTS: crypto=14 forex=0 stock=0 oil=0
2026-06-03 21:18:43,141 | INFO | --- Analyzing CRYPTO ---
2026-06-03 21:18:43,142 | INFO | BTC: No clear structure (valid=False)
2026-06-03 21:18:43,147 | INFO | NO SIGNAL [crypto/BTCUSDT]: No setup
2026-06-03 21:18:43,152 | INFO | NO SIGNAL [crypto/ETHUSDT]: No setup
2026-06-03 21:18:43,157 | INFO | SIGNAL: SOLUSDT -> SHORT (Score:76.1)
2026-06-03 21:18:43,161 | INFO | NO SIGNAL [crypto/SUIUSDT]: No setup
2026-06-03 21:18:43,166 | INFO | NO SIGNAL [crypto/DOGEUSDT]: No setup
2026-06-03 21:18:43,171 | INFO | SIGNAL: UNIUSDT -> LONG (Score:86.8)
2026-06-03 21:18:43,176 | INFO | NO SIGNAL [crypto/ZECUSDT]: No setup
2026-06-03 21:18:43,181 | INFO | NO SIGNAL [crypto/1000SATSUSDT]: No setup
2026-06-03 21:18:43,187 | INFO | NO SIGNAL [crypto/DOGSUSDT]: No setup
2026-06-03 21:18:43,192 | INFO | SIGNAL: NEIROUSDT -> LONG (Score:83.8)
2026-06-03 21:18:43,197 | INFO | SIGNAL: 1000PEPEUSDT -> SHORT (Score:72.2)
2026-06-03 21:18:43,202 | INFO | NO SIGNAL [crypto/PUMPUSDT]: No setup
2026-06-03 21:18:43,206 | INFO | NO SIGNAL [crypto/NOTUSDT]: No setup
2026-06-03 21:18:43,211 | INFO | SIGNAL: MEMEUSDT -> LONG (Score:91.0)
2026-06-03 21:18:43,212 | INFO | --- Analyzing FOREX ---
2026-06-03 21:18:43,212 | INFO | --- Analyzing STOCKS ---
2026-06-03 21:18:43,212 | INFO | --- Analyzing OIL ---
2026-06-03 21:18:43,213 | INFO | === 5 signals | 0 skipped | 0 errors ===
2026-06-03 21:18:44,703 | INFO | Sent 5 FREE signals
2026-06-03 21:18:57,879 | INFO | Sent 5 VIP signals
2026-06-03 21:18:57,884 | INFO | Saved local JSON
2026-06-03 21:19:00,213 | INFO | GitHub push OK
2026-06-03 21:19:00,222 | INFO | CYCLE COMPLETE
2026-06-03 21:19:00,223 | INFO | ==================================================
2026-06-03 21:35:50,179 | INFO | ==================================================
2026-06-03 21:35:50,185 | INFO | CYCLE START: 2026-06-03 21:35:50.185131
2026-06-03 21:35:50,185 | INFO | ==================================================
2026-06-03 21:35:50,185 | INFO | === FETCHING CRYPTO ===
2026-06-03 21:35:51,630 | INFO |   OK BTCUSDT
2026-06-03 21:35:52,207 | INFO |   OK ETHUSDT
2026-06-03 21:35:52,780 | INFO |   OK SOLUSDT
2026-06-03 21:35:53,367 | INFO |   OK SUIUSDT
2026-06-03 21:35:53,922 | INFO |   OK DOGEUSDT
2026-06-03 21:35:54,534 | INFO |   OK UNIUSDT
2026-06-03 21:35:55,108 | INFO |   OK ZECUSDT
2026-06-03 21:36:00,502 | INFO | === FETCHING FOREX ===
2026-06-03 21:36:01,503 | WARNING | Forex eurusd: insufficient OHLC data (7 lines)
2026-06-03 21:36:01,751 | WARNING | Forex gbpusd: insufficient OHLC data (7 lines)
2026-06-03 21:36:01,997 | WARNING | Forex usdjpy: insufficient OHLC data (7 lines)
2026-06-03 21:36:02,251 | WARNING | Forex audusd: insufficient OHLC data (7 lines)
2026-06-03 21:36:02,496 | WARNING | Forex usdcad: insufficient OHLC data (7 lines)
2026-06-03 21:36:02,742 | WARNING | Forex nzdusd: insufficient OHLC data (7 lines)
2026-06-03 21:36:03,000 | WARNING | Forex eurgbp: insufficient OHLC data (7 lines)
2026-06-03 21:36:03,286 | WARNING | Forex eurjpy: insufficient OHLC data (7 lines)
2026-06-03 21:36:03,287 | INFO | === FETCHING STOCKS ===
2026-06-03 21:36:03,628 | WARNING | Stock AAPL: HTTP 401
2026-06-03 21:36:03,700 | WARNING | Stock MSFT: HTTP 401
2026-06-03 21:36:03,977 | WARNING | Stock GOOGL: HTTP 401
2026-06-03 21:36:04,209 | WARNING | Stock AMZN: HTTP 401
2026-06-03 21:36:04,442 | WARNING | Stock META: HTTP 401
2026-06-03 21:36:04,661 | WARNING | Stock TSLA: HTTP 401
2026-06-03 21:36:04,748 | WARNING | Stock NVDA: HTTP 401
2026-06-03 21:36:04,830 | WARNING | Stock JPM: HTTP 401
2026-06-03 21:36:04,830 | INFO | === FETCHING OIL ===
2026-06-03 21:36:05,064 | WARNING | Oil WTI: HTTP 401
2026-06-03 21:36:05,283 | WARNING | Oil BRENT: HTTP 401
2026-06-03 21:36:05,283 | INFO | MARKET RAW COUNTS: crypto=14 forex=0 stock=0 oil=0
2026-06-03 21:36:05,284 | INFO | --- Analyzing CRYPTO ---
2026-06-03 21:36:05,285 | INFO | BTC: No clear structure (valid=False)
2026-06-03 21:36:05,293 | INFO | NO SIGNAL [crypto/BTCUSDT]: No setup
2026-06-03 21:36:05,300 | INFO | NO SIGNAL [crypto/ETHUSDT]: No setup
2026-06-03 21:36:05,306 | INFO | SIGNAL: SOLUSDT -> SHORT (Score:73.1)
2026-06-03 21:36:05,311 | INFO | NO SIGNAL [crypto/SUIUSDT]: No setup
2026-06-03 21:36:05,317 | INFO | SIGNAL: DOGEUSDT -> SHORT (Score:76.6)
2026-06-03 21:36:05,321 | INFO | NO SIGNAL [crypto/UNIUSDT]: No setup
2026-06-03 21:36:05,326 | INFO | NO SIGNAL [crypto/ZECUSDT]: No setup
2026-06-03 21:36:05,331 | INFO | NO SIGNAL [crypto/1000SATSUSDT]: No setup
2026-06-03 21:36:05,337 | INFO | NO SIGNAL [crypto/DOGSUSDT]: No setup
2026-06-03 21:36:05,341 | INFO | NO SIGNAL [crypto/NEIROUSDT]: No setup
2026-06-03 21:36:05,347 | INFO | SIGNAL: 1000PEPEUSDT -> SHORT (Score:74.9)
2026-06-03 21:36:05,351 | INFO | NO SIGNAL [crypto/PUMPUSDT]: No setup
2026-06-03 21:36:05,356 | INFO | NO SIGNAL [crypto/NOTUSDT]: No setup
2026-06-03 21:36:05,361 | INFO | NO SIGNAL [crypto/MEMEUSDT]: No setup
2026-06-03 21:36:05,361 | INFO | --- Analyzing FOREX ---
2026-06-03 21:36:05,361 | INFO | --- Analyzing STOCKS ---
2026-06-03 21:36:05,362 | INFO | --- Analyzing OIL ---
2026-06-03 21:36:05,362 | INFO | === 3 signals | 0 skipped | 0 errors ===
2026-06-03 21:36:06,953 | INFO | Sent 3 FREE signals
2026-06-03 21:36:20,161 | INFO | Sent 3 VIP signals
2026-06-03 21:36:20,170 | INFO | Saved local JSON
2026-06-03 21:36:22,336 | INFO | GitHub push OK
2026-06-03 21:36:22,345 | INFO | CYCLE COMPLETE
2026-06-03 21:36:22,345 | INFO | ==================================================
2026-06-03 22:36:22,371 | INFO | ==================================================
2026-06-03 22:36:22,387 | INFO | CYCLE START: 2026-06-03 22:36:22.386363
2026-06-03 22:36:22,387 | INFO | ==================================================
2026-06-03 22:36:22,388 | INFO | === FETCHING CRYPTO ===
2026-06-03 22:36:23,744 | INFO |   OK BTCUSDT
2026-06-03 22:36:24,316 | INFO |   OK ETHUSDT
2026-06-03 22:36:24,862 | INFO |   OK SOLUSDT
2026-06-03 22:36:25,479 | INFO |   OK SUIUSDT
2026-06-03 22:36:26,098 | INFO |   OK DOGEUSDT
2026-06-03 22:36:26,654 | INFO |   OK UNIUSDT
2026-06-03 22:36:27,194 | INFO |   OK ZECUSDT
2026-06-03 22:36:32,634 | INFO | === FETCHING FOREX ===
2026-06-03 22:36:33,781 | WARNING | Forex eurusd: insufficient OHLC data (7 lines)
2026-06-03 22:36:34,056 | WARNING | Forex gbpusd: insufficient OHLC data (7 lines)
2026-06-03 22:36:34,296 | WARNING | Forex usdjpy: insufficient OHLC data (7 lines)
2026-06-03 22:36:34,522 | WARNING | Forex audusd: insufficient OHLC data (7 lines)
2026-06-03 22:36:34,792 | WARNING | Forex usdcad: insufficient OHLC data (7 lines)
2026-06-03 22:36:35,031 | WARNING | Forex nzdusd: insufficient OHLC data (7 lines)
2026-06-03 22:36:35,275 | WARNING | Forex eurgbp: insufficient OHLC data (7 lines)
2026-06-03 22:36:35,511 | WARNING | Forex eurjpy: insufficient OHLC data (7 lines)
2026-06-03 22:36:35,515 | INFO | === FETCHING STOCKS ===
2026-06-03 22:36:35,899 | WARNING | Stock AAPL: HTTP 401
2026-06-03 22:36:35,963 | WARNING | Stock MSFT: HTTP 401
2026-06-03 22:36:36,031 | WARNING | Stock GOOGL: HTTP 401
2026-06-03 22:36:36,113 | WARNING | Stock AMZN: HTTP 401
2026-06-03 22:36:36,200 | WARNING | Stock META: HTTP 401
2026-06-03 22:36:36,283 | WARNING | Stock TSLA: HTTP 401
2026-06-03 22:36:36,376 | WARNING | Stock NVDA: HTTP 401
2026-06-03 22:36:36,441 | WARNING | Stock JPM: HTTP 401
2026-06-03 22:36:36,442 | INFO | === FETCHING OIL ===
2026-06-03 22:36:36,527 | WARNING | Oil WTI: HTTP 401
2026-06-03 22:36:36,617 | WARNING | Oil BRENT: HTTP 401
2026-06-03 22:36:36,617 | INFO | MARKET RAW COUNTS: crypto=14 forex=0 stock=0 oil=0
2026-06-03 22:36:36,618 | INFO | --- Analyzing CRYPTO ---
2026-06-03 22:36:36,619 | INFO | BTC: No clear structure (valid=False)
2026-06-03 22:36:36,627 | INFO | NO SIGNAL [crypto/BTCUSDT]: No setup
2026-06-03 22:36:36,633 | INFO | NO SIGNAL [crypto/ETHUSDT]: No setup
2026-06-03 22:36:36,639 | INFO | SIGNAL: SOLUSDT -> SHORT (Score:67.8)
2026-06-03 22:36:36,645 | INFO | NO SIGNAL [crypto/SUIUSDT]: No setup
2026-06-03 22:36:36,650 | INFO | NO SIGNAL [crypto/DOGEUSDT]: No setup
2026-06-03 22:36:36,655 | INFO | NO SIGNAL [crypto/UNIUSDT]: No setup
2026-06-03 22:36:36,660 | INFO | NO SIGNAL [crypto/ZECUSDT]: No setup
2026-06-03 22:36:36,666 | INFO | NO SIGNAL [crypto/1000SATSUSDT]: No setup
2026-06-03 22:36:36,671 | INFO | NO SIGNAL [crypto/DOGSUSDT]: No setup
2026-06-03 22:36:36,677 | INFO | SIGNAL: NEIROUSDT -> LONG (Score:81.3)
2026-06-03 22:36:36,683 | INFO | SIGNAL: 1000PEPEUSDT -> SHORT (Score:73.6)
2026-06-03 22:36:36,688 | INFO | NO SIGNAL [crypto/PUMPUSDT]: No setup
2026-06-03 22:36:36,693 | INFO | SIGNAL: NOTUSDT -> LONG (Score:83.0)
2026-06-03 22:36:36,698 | INFO | SIGNAL: MEMEUSDT -> LONG (Score:84.3)
2026-06-03 22:36:36,699 | INFO | --- Analyzing FOREX ---
2026-06-03 22:36:36,699 | INFO | --- Analyzing STOCKS ---
2026-06-03 22:36:36,699 | INFO | --- Analyzing OIL ---
2026-06-03 22:36:36,700 | INFO | === 5 signals | 0 skipped | 0 errors ===
2026-06-03 22:36:38,244 | INFO | Sent 5 FREE signals
2026-06-03 22:36:42,172 | INFO | Sent 5 VIP signals
2026-06-03 22:36:42,186 | INFO | Saved local JSON
2026-06-03 22:36:44,393 | INFO | GitHub push OK
2026-06-03 22:36:44,407 | INFO | CYCLE COMPLETE
2026-06-03 22:36:44,407 | INFO | ==================================================
2026-06-03 23:36:44,438 | INFO | ==================================================
2026-06-03 23:36:44,455 | INFO | CYCLE START: 2026-06-03 23:36:44.455189
2026-06-03 23:36:44,456 | INFO | ==================================================
2026-06-03 23:36:44,457 | INFO | === FETCHING CRYPTO ===
2026-06-03 23:36:45,566 | INFO |   OK BTCUSDT
2026-06-03 23:36:46,118 | INFO |   OK ETHUSDT
2026-06-03 23:36:46,672 | INFO |   OK SOLUSDT
2026-06-03 23:36:47,313 | INFO |   OK SUIUSDT
2026-06-03 23:36:47,864 | INFO |   OK DOGEUSDT
2026-06-03 23:36:48,514 | INFO |   OK UNIUSDT
2026-06-03 23:36:49,125 | INFO |   OK ZECUSDT
2026-06-03 23:36:54,469 | INFO | === FETCHING FOREX ===
2026-06-03 23:36:55,473 | WARNING | Forex eurusd: insufficient OHLC data (7 lines)
2026-06-03 23:36:55,722 | WARNING | Forex gbpusd: insufficient OHLC data (7 lines)
2026-06-03 23:36:55,977 | WARNING | Forex usdjpy: insufficient OHLC data (7 lines)
2026-06-03 23:36:56,239 | WARNING | Forex audusd: insufficient OHLC data (7 lines)
2026-06-03 23:36:56,484 | WARNING | Forex usdcad: insufficient OHLC data (7 lines)
2026-06-03 23:36:56,739 | WARNING | Forex nzdusd: insufficient OHLC data (7 lines)
2026-06-03 23:36:56,992 | WARNING | Forex eurgbp: insufficient OHLC data (7 lines)
2026-06-03 23:36:57,247 | WARNING | Forex eurjpy: insufficient OHLC data (7 lines)
2026-06-03 23:36:57,248 | INFO | === FETCHING STOCKS ===
2026-06-03 23:36:57,571 | WARNING | Stock AAPL: HTTP 401
2026-06-03 23:36:57,638 | WARNING | Stock MSFT: HTTP 401
2026-06-03 23:36:57,721 | WARNING | Stock GOOGL: HTTP 401
2026-06-03 23:36:57,795 | WARNING | Stock AMZN: HTTP 401
2026-06-03 23:36:57,858 | WARNING | Stock META: HTTP 401
2026-06-03 23:36:57,917 | WARNING | Stock TSLA: HTTP 401
2026-06-03 23:36:57,971 | WARNING | Stock NVDA: HTTP 401
2026-06-03 23:36:58,042 | WARNING | Stock JPM: HTTP 401
2026-06-03 23:36:58,043 | INFO | === FETCHING OIL ===
2026-06-03 23:36:58,103 | WARNING | Oil WTI: HTTP 401
2026-06-03 23:36:58,168 | WARNING | Oil BRENT: HTTP 401
2026-06-03 23:36:58,168 | INFO | MARKET RAW COUNTS: crypto=14 forex=0 stock=0 oil=0
2026-06-03 23:36:58,168 | INFO | --- Analyzing CRYPTO ---
2026-06-03 23:36:58,169 | INFO | BTC: Bullish: HH+HL (valid=True)
2026-06-03 23:36:58,179 | INFO | NO SIGNAL [crypto/BTCUSDT]: No setup
2026-06-03 23:36:58,183 | INFO | NO SIGNAL [crypto/ETHUSDT]: No setup
2026-06-03 23:36:58,186 | INFO | NO SIGNAL [crypto/SOLUSDT]: No setup
2026-06-03 23:36:58,190 | INFO | NO SIGNAL [crypto/SUIUSDT]: No setup
2026-06-03 23:36:58,193 | INFO | NO SIGNAL [crypto/DOGEUSDT]: No setup
2026-06-03 23:36:58,196 | INFO | NO SIGNAL [crypto/UNIUSDT]: No setup
2026-06-03 23:36:58,200 | INFO | NO SIGNAL [crypto/ZECUSDT]: No setup
2026-06-03 23:36:58,204 | INFO | NO SIGNAL [crypto/1000SATSUSDT]: No setup
2026-06-03 23:36:58,207 | WARNING | SKIP [DOGSUSDT]: BTC bullish, SHORT blocked
2026-06-03 23:36:58,208 | INFO | NO SIGNAL [crypto/DOGSUSDT]: No setup
2026-06-03 23:36:58,211 | WARNING | SKIP [NEIROUSDT]: BTC bullish, SHORT blocked
2026-06-03 23:36:58,211 | INFO | NO SIGNAL [crypto/NEIROUSDT]: No setup
2026-06-03 23:36:58,215 | INFO | SIGNAL: 1000PEPEUSDT -> SHORT (Score:67.6)
2026-06-03 23:36:58,218 | WARNING | SKIP [PUMPUSDT]: BTC bullish, SHORT blocked
2026-06-03 23:36:58,218 | INFO | NO SIGNAL [crypto/PUMPUSDT]: No setup
2026-06-03 23:36:58,221 | INFO | NO SIGNAL [crypto/NOTUSDT]: No setup
2026-06-03 23:36:58,225 | INFO | NO SIGNAL [crypto/MEMEUSDT]: No setup
2026-06-03 23:36:58,225 | INFO | --- Analyzing FOREX ---
2026-06-03 23:36:58,225 | INFO | --- Analyzing STOCKS ---
2026-06-03 23:36:58,226 | INFO | --- Analyzing OIL ---
2026-06-03 23:36:58,226 | INFO | === 1 signals | 3 skipped | 0 errors ===
2026-06-03 23:36:59,729 | INFO | Sent 1 FREE signals
2026-06-03 23:37:12,988 | INFO | Sent 1 VIP signals
2026-06-03 23:37:12,991 | INFO | Saved local JSON
2026-06-03 23:37:14,756 | INFO | GitHub push OK
2026-06-03 23:37:14,766 | INFO | CYCLE COMPLETE
2026-06-03 23:37:14,767 | INFO | ==================================================
2026-06-04 00:17:41,937 | INFO | ==================================================
2026-06-04 00:17:41,939 | INFO | CYCLE START: 2026-06-04 00:17:41.939048
2026-06-04 00:17:41,939 | INFO | ==================================================
2026-06-04 00:17:41,939 | INFO | === FETCHING CRYPTO (Binance) ===
2026-06-04 00:17:43,290 | INFO |   OK BTCUSDT
2026-06-04 00:17:43,856 | INFO |   OK ETHUSDT
2026-06-04 00:17:44,436 | INFO |   OK SOLUSDT
2026-06-04 00:17:44,967 | INFO |   OK SUIUSDT
2026-06-04 00:17:45,505 | INFO |   OK DOGEUSDT
2026-06-04 00:17:46,052 | INFO |   OK UNIUSDT
2026-06-04 00:17:46,607 | INFO |   OK ZECUSDT
2026-06-04 00:17:51,863 | INFO | CRYPTO COUNT: 14
2026-06-04 00:17:51,863 | INFO | --- Analyzing CRYPTO ---
2026-06-04 00:17:51,868 | INFO | NO SIGNAL [BTCUSDT]: No setup
2026-06-04 00:17:51,873 | INFO | NO SIGNAL [ETHUSDT]: No setup
2026-06-04 00:17:51,877 | INFO | NO SIGNAL [SOLUSDT]: No setup
2026-06-04 00:17:51,881 | INFO | NO SIGNAL [SUIUSDT]: No setup
2026-06-04 00:17:51,886 | INFO | NO SIGNAL [DOGEUSDT]: No setup
2026-06-04 00:17:51,890 | INFO | NO SIGNAL [UNIUSDT]: No setup
2026-06-04 00:17:51,895 | INFO | NO SIGNAL [ZECUSDT]: No setup
2026-06-04 00:17:51,899 | INFO | SIGNAL: 1000SATSUSDT -> SHORT (Score:73.0)
2026-06-04 00:17:51,904 | INFO | SIGNAL: DOGSUSDT -> SHORT (Score:74.4)
2026-06-04 00:17:51,909 | INFO | SIGNAL: 1000PEPEUSDT -> SHORT (Score:75.6)
2026-06-04 00:17:51,913 | INFO | SIGNAL: NEIROUSDT -> SHORT (Score:73.7)
2026-06-04 00:17:51,918 | INFO | NO SIGNAL [PUMPUSDT]: No setup
2026-06-04 00:17:51,922 | INFO | NO SIGNAL [NOTUSDT]: No setup
2026-06-04 00:17:51,926 | INFO | NO SIGNAL [MEMEUSDT]: No setup
2026-06-04 00:17:51,927 | INFO | === 4 signals | 0 skipped | 0 errors ===
2026-06-04 00:17:53,404 | INFO | Sent 4 FREE signals
2026-06-04 00:17:56,186 | INFO | Sent 4 VIP signals
2026-06-04 00:17:56,195 | INFO | Saved local JSON
2026-06-04 00:17:58,613 | INFO | GitHub push OK
2026-06-04 00:17:58,625 | INFO | CYCLE COMPLETE
2026-06-04 00:17:58,625 | INFO | ==================================================
2026-06-04 00:45:03,446 | INFO | ==================================================
2026-06-04 00:45:03,447 | INFO | CYCLE START: 2026-06-04 00:45:03.447749
2026-06-04 00:45:03,448 | INFO | ==================================================
2026-06-04 00:45:03,448 | INFO | === FETCHING CRYPTO (Binance) ===
2026-06-04 00:45:04,526 | INFO |   OK BTCUSDT
2026-06-04 00:45:05,040 | INFO |   OK ETHUSDT
2026-06-04 00:45:05,582 | INFO |   OK SOLUSDT
2026-06-04 00:45:06,124 | INFO |   OK SUIUSDT
2026-06-04 00:45:06,640 | INFO |   OK DOGEUSDT
2026-06-04 00:45:07,162 | INFO |   OK UNIUSDT
2026-06-04 00:45:07,695 | INFO |   OK ZECUSDT
2026-06-04 00:45:12,616 | INFO | CRYPTO COUNT: 14
2026-06-04 00:45:12,617 | INFO | --- Analyzing CRYPTO ---
2026-06-04 00:45:12,625 | INFO | SIGNAL: BTCUSDT -> SHORT (Score:70.4)
2026-06-04 00:45:12,631 | INFO | NO SIGNAL [ETHUSDT]: No setup
2026-06-04 00:45:12,636 | INFO | NO SIGNAL [SOLUSDT]: No setup
2026-06-04 00:45:12,641 | INFO | NO SIGNAL [SUIUSDT]: No setup
2026-06-04 00:45:12,646 | INFO | NO SIGNAL [DOGEUSDT]: No setup
2026-06-04 00:45:12,651 | INFO | NO SIGNAL [UNIUSDT]: No setup
2026-06-04 00:45:12,655 | INFO | NO SIGNAL [ZECUSDT]: No setup
2026-06-04 00:45:12,661 | INFO | SIGNAL: 1000SATSUSDT -> LONG (Score:87.2)
2026-06-04 00:45:12,665 | INFO | SIGNAL: DOGSUSDT -> LONG (Score:87.0)
2026-06-04 00:45:12,670 | INFO | NO SIGNAL [1000PEPEUSDT]: No setup
2026-06-04 00:45:12,675 | INFO | SIGNAL: NEIROUSDT -> LONG (Score:86.7)
2026-06-04 00:45:12,679 | INFO | NO SIGNAL [PUMPUSDT]: No setup
2026-06-04 00:45:12,683 | INFO | NO SIGNAL [NOTUSDT]: No setup
2026-06-04 00:45:12,688 | INFO | SIGNAL: MEMEUSDT -> LONG (Score:88.3)
2026-06-04 00:45:12,689 | INFO | === 5 signals | 0 skipped | 0 errors ===
2026-06-04 00:45:14,191 | INFO | Sent 5 FREE signals
2026-06-04 00:45:16,996 | INFO | Sent 5 VIP signals
2026-06-04 00:45:17,001 | INFO | Saved local JSON
2026-06-04 00:45:18,737 | INFO | GitHub push OK
2026-06-04 00:45:18,749 | INFO | CYCLE COMPLETE
2026-06-04 00:45:18,749 | INFO | ==================================================
2026-06-04 01:22:11,015 | INFO | ==================================================
2026-06-04 01:22:11,017 | INFO | CYCLE START: 2026-06-04 01:22:11.017074
2026-06-04 01:22:11,017 | INFO | ==================================================
2026-06-04 01:22:11,017 | INFO | === FETCHING CRYPTO (Binance) ===
2026-06-04 01:22:12,280 | INFO |   OK BTCUSDT
2026-06-04 01:22:12,824 | INFO |   OK ETHUSDT
2026-06-04 01:22:13,467 | INFO |   OK SOLUSDT
2026-06-04 01:22:14,005 | INFO |   OK SUIUSDT
2026-06-04 01:22:14,563 | INFO |   OK DOGEUSDT
2026-06-04 01:22:15,096 | INFO |   OK UNIUSDT
2026-06-04 01:22:15,616 | INFO |   OK ZECUSDT
2026-06-04 01:22:20,940 | INFO | CRYPTO COUNT: 14
2026-06-04 01:22:20,940 | INFO | --- Analyzing CRYPTO ---
2026-06-04 01:22:20,950 | INFO | NO SIGNAL [BTCUSDT]: No setup
2026-06-04 01:22:20,955 | INFO | NO SIGNAL [ETHUSDT]: No setup
2026-06-04 01:22:20,960 | INFO | NO SIGNAL [SOLUSDT]: No setup
2026-06-04 01:22:20,965 | INFO | NO SIGNAL [SUIUSDT]: No setup
2026-06-04 01:22:20,969 | INFO | NO SIGNAL [DOGEUSDT]: No setup
2026-06-04 01:22:20,973 | INFO | NO SIGNAL [UNIUSDT]: No setup
2026-06-04 01:22:20,977 | INFO | NO SIGNAL [ZECUSDT]: No setup
2026-06-04 01:22:20,981 | INFO | NO SIGNAL [1000SATSUSDT]: No setup
2026-06-04 01:22:20,985 | INFO | NO SIGNAL [DOGSUSDT]: No setup
2026-06-04 01:22:20,989 | INFO | NO SIGNAL [1000PEPEUSDT]: No setup
2026-06-04 01:22:20,993 | INFO | NO SIGNAL [NEIROUSDT]: No setup
2026-06-04 01:22:20,997 | INFO | NO SIGNAL [PUMPUSDT]: No setup
2026-06-04 01:22:21,001 | INFO | SIGNAL: NOTUSDT -> LONG (Score:88.3)
2026-06-04 01:22:21,004 | INFO | NO SIGNAL [MEMEUSDT]: No setup
2026-06-04 01:22:21,005 | INFO | === 1 signals | 0 skipped | 0 errors ===
2026-06-04 01:22:22,429 | INFO | Sent 1 FREE signals
2026-06-04 01:22:25,192 | INFO | Sent 1 VIP signals
2026-06-04 01:22:25,195 | INFO | Saved local JSON
2026-06-04 01:22:26,925 | INFO | GitHub push OK
2026-06-04 01:22:26,934 | INFO | CYCLE COMPLETE
2026-06-04 01:22:26,934 | INFO | ==================================================
2026-06-04 02:22:26,967 | INFO | ==================================================
2026-06-04 02:22:26,985 | INFO | CYCLE START: 2026-06-04 02:22:26.985266
2026-06-04 02:22:26,986 | INFO | ==================================================
2026-06-04 02:22:26,987 | INFO | === FETCHING CRYPTO (Binance) ===
2026-06-04 02:22:28,035 | INFO |   OK BTCUSDT
2026-06-04 02:22:28,648 | INFO |   OK ETHUSDT
2026-06-04 02:22:29,247 | INFO |   OK SOLUSDT
2026-06-04 02:22:29,823 | INFO |   OK SUIUSDT
2026-06-04 02:22:30,404 | INFO |   OK DOGEUSDT
2026-06-04 02:22:30,964 | INFO |   OK UNIUSDT
2026-06-04 02:22:31,510 | INFO |   OK ZECUSDT
2026-06-04 02:22:36,709 | INFO | CRYPTO COUNT: 14
2026-06-04 02:22:36,710 | INFO | --- Analyzing CRYPTO ---
2026-06-04 02:22:36,722 | INFO | NO SIGNAL [BTCUSDT]: No setup
2026-06-04 02:22:36,728 | INFO | NO SIGNAL [ETHUSDT]: No setup
2026-06-04 02:22:36,733 | INFO | NO SIGNAL [SOLUSDT]: No setup
2026-06-04 02:22:36,738 | INFO | NO SIGNAL [SUIUSDT]: No setup
2026-06-04 02:22:36,743 | INFO | NO SIGNAL [DOGEUSDT]: No setup
2026-06-04 02:22:36,748 | INFO | NO SIGNAL [UNIUSDT]: No setup
2026-06-04 02:22:36,753 | INFO | NO SIGNAL [ZECUSDT]: No setup
2026-06-04 02:22:36,759 | INFO | NO SIGNAL [1000SATSUSDT]: No setup
2026-06-04 02:22:36,764 | INFO | SIGNAL: DOGSUSDT -> LONG (Score:73.9)
2026-06-04 02:22:36,770 | INFO | NO SIGNAL [1000PEPEUSDT]: No setup
2026-06-04 02:22:36,774 | INFO | SIGNAL: NEIROUSDT -> SHORT (Score:82.8)
2026-06-04 02:22:36,779 | INFO | NO SIGNAL [PUMPUSDT]: No setup
2026-06-04 02:22:36,785 | INFO | NO SIGNAL [NOTUSDT]: No setup
2026-06-04 02:22:36,789 | INFO | NO SIGNAL [MEMEUSDT]: No setup
2026-06-04 02:22:36,790 | INFO | === 2 signals | 0 skipped | 0 errors ===
2026-06-04 02:22:38,305 | INFO | Sent 2 FREE signals
2026-06-04 02:22:41,187 | INFO | Sent 2 VIP signals
2026-06-04 02:22:41,193 | INFO | Saved local JSON
2026-06-04 02:22:42,978 | INFO | GitHub push OK
2026-06-04 02:22:42,991 | INFO | CYCLE COMPLETE
2026-06-04 02:22:42,991 | INFO | ==================================================
2026-06-04 14:50:03,724 | INFO | ==================================================
2026-06-04 14:50:03,724 | INFO | CYCLE START: 2026-06-04 14:50:03.724807
2026-06-04 14:50:03,725 | INFO | ==================================================
2026-06-04 14:50:03,725 | INFO | === FETCHING CRYPTO (Binance) ===
2026-06-04 14:50:05,045 | INFO |   OK BTCUSDT
2026-06-04 14:50:05,624 | INFO |   OK ETHUSDT
2026-06-04 14:50:06,217 | INFO |   OK SOLUSDT
2026-06-04 14:50:06,815 | INFO |   OK SUIUSDT
2026-06-04 14:50:07,396 | INFO |   OK DOGEUSDT
2026-06-04 14:50:07,988 | INFO |   OK UNIUSDT
2026-06-04 14:50:08,565 | INFO |   OK ZECUSDT
2026-06-04 14:50:13,931 | INFO | CRYPTO COUNT: 14
2026-06-04 14:50:13,932 | INFO | --- Analyzing CRYPTO ---
2026-06-04 14:50:13,941 | INFO | NO SIGNAL [BTCUSDT]: No setup
2026-06-04 14:50:13,951 | INFO | NO SIGNAL [ETHUSDT]: No setup
2026-06-04 14:50:13,960 | INFO | SIGNAL: SOLUSDT -> SHORT (Score:74.5)
2026-06-04 14:50:13,964 | INFO | SIGNAL: SUIUSDT -> SHORT (Score:78.4)
2026-06-04 14:50:13,969 | INFO | NO SIGNAL [DOGEUSDT]: No setup
2026-06-04 14:50:13,973 | INFO | SIGNAL: UNIUSDT -> SHORT (Score:77.0)
2026-06-04 14:50:13,978 | INFO | NO SIGNAL [ZECUSDT]: No setup
2026-06-04 14:50:13,982 | INFO | NO SIGNAL [1000SATSUSDT]: No setup
2026-06-04 14:50:13,987 | INFO | NO SIGNAL [DOGSUSDT]: No setup
2026-06-04 14:50:13,991 | INFO | NO SIGNAL [NEIROUSDT]: No setup
2026-06-04 14:50:13,996 | INFO | SIGNAL: 1000PEPEUSDT -> SHORT (Score:77.0)
2026-06-04 14:50:14,000 | INFO | NO SIGNAL [PUMPUSDT]: No setup
2026-06-04 14:50:14,005 | INFO | SIGNAL: HMSTRUSDT -> SHORT (Score:74.7)
2026-06-04 14:50:14,009 | INFO | NO SIGNAL [MEMEUSDT]: No setup
2026-06-04 14:50:14,010 | INFO | === 5 signals | 0 skipped | 0 errors ===
2026-06-04 14:50:15,531 | INFO | Sent 5 FREE signals
2026-06-04 14:50:18,329 | INFO | Sent 5 VIP signals
2026-06-04 14:50:18,333 | INFO | CYCLE COMPLETE
2026-06-04 14:50:18,334 | INFO | ==================================================
2026-06-04 15:50:18,378 | INFO | ==================================================
2026-06-04 15:50:18,403 | INFO | CYCLE START: 2026-06-04 15:50:18.403414
2026-06-04 15:50:18,404 | INFO | ==================================================
2026-06-04 15:50:18,405 | INFO | === FETCHING CRYPTO (Binance) ===
2026-06-04 15:50:19,333 | INFO |   OK BTCUSDT
2026-06-04 15:50:19,901 | INFO |   OK ETHUSDT
2026-06-04 15:50:20,455 | INFO |   OK SOLUSDT
2026-06-04 15:50:21,024 | INFO |   OK SUIUSDT
2026-06-04 15:50:21,558 | INFO |   OK DOGEUSDT
2026-06-04 15:50:22,079 | INFO |   OK UNIUSDT
2026-06-04 15:50:22,622 | INFO |   OK ZECUSDT
2026-06-04 15:50:27,879 | INFO | CRYPTO COUNT: 14
2026-06-04 15:50:27,879 | INFO | --- Analyzing CRYPTO ---
2026-06-04 15:50:27,891 | INFO | NO SIGNAL [BTCUSDT]: No setup
2026-06-04 15:50:27,896 | INFO | NO SIGNAL [ETHUSDT]: No setup
2026-06-04 15:50:27,902 | INFO | SIGNAL: SOLUSDT -> SHORT (Score:73.5)
2026-06-04 15:50:27,907 | INFO | SIGNAL: SUIUSDT -> SHORT (Score:77.5)
2026-06-04 15:50:27,915 | INFO | NO SIGNAL [DOGEUSDT]: No setup
2026-06-04 15:50:27,920 | INFO | SIGNAL: UNIUSDT -> SHORT (Score:80.0)
2026-06-04 15:50:27,927 | INFO | SIGNAL: ZECUSDT -> SHORT (Score:77.0)
2026-06-04 15:50:27,935 | INFO | NO SIGNAL [1000SATSUSDT]: No setup
2026-06-04 15:50:27,941 | INFO | NO SIGNAL [DOGSUSDT]: No setup
2026-06-04 15:50:27,949 | INFO | NO SIGNAL [NEIROUSDT]: No setup
2026-06-04 15:50:27,955 | INFO | SIGNAL: 1000PEPEUSDT -> SHORT (Score:80.0)
2026-06-04 15:50:27,964 | INFO | NO SIGNAL [PUMPUSDT]: No setup
2026-06-04 15:50:27,969 | INFO | SIGNAL: HMSTRUSDT -> SHORT (Score:78.7)
2026-06-04 15:50:27,978 | INFO | NO SIGNAL [MEMEUSDT]: No setup
2026-06-04 15:50:27,979 | INFO | === 6 signals | 0 skipped | 0 errors ===
2026-06-04 15:50:29,493 | INFO | Sent 5 FREE signals
2026-06-04 15:50:32,388 | INFO | Sent 5 VIP signals
2026-06-04 15:50:32,395 | INFO | CYCLE COMPLETE
2026-06-04 15:50:32,395 | INFO | ==================================================
2026-06-04 16:50:32,399 | INFO | ==================================================
2026-06-04 16:50:32,407 | INFO | CYCLE START: 2026-06-04 16:50:32.407449
2026-06-04 16:50:32,408 | INFO | ==================================================
2026-06-04 16:50:32,408 | INFO | === FETCHING CRYPTO (Binance) ===
2026-06-04 16:50:33,701 | INFO |   OK BTCUSDT
2026-06-04 16:50:34,220 | INFO |   OK ETHUSDT
2026-06-04 16:50:34,749 | INFO |   OK SOLUSDT
2026-06-04 16:50:35,273 | INFO |   OK SUIUSDT
2026-06-04 16:50:35,837 | INFO |   OK DOGEUSDT
2026-06-04 16:50:36,382 | INFO |   OK UNIUSDT
2026-06-04 16:50:36,921 | INFO |   OK ZECUSDT
2026-06-04 16:50:41,165 | INFO | CRYPTO COUNT: 14
2026-06-04 16:50:41,166 | INFO | --- Analyzing CRYPTO ---
2026-06-04 16:50:41,179 | INFO | SIGNAL: BTCUSDT -> SHORT (Score:76.2)
2026-06-04 16:50:41,182 | INFO | NO SIGNAL [ETHUSDT]: No setup
2026-06-04 16:50:41,185 | INFO | SIGNAL: SOLUSDT -> SHORT (Score:73.5)
2026-06-04 16:50:41,188 | INFO | SIGNAL: SUIUSDT -> SHORT (Score:68.2)
2026-06-04 16:50:41,193 | INFO | NO SIGNAL [DOGEUSDT]: No setup
2026-06-04 16:50:41,197 | INFO | SIGNAL: UNIUSDT -> SHORT (Score:64.8)
2026-06-04 16:50:41,200 | INFO | NO SIGNAL [ZECUSDT]: No setup
2026-06-04 16:50:41,204 | INFO | NO SIGNAL [1000SATSUSDT]: No setup
2026-06-04 16:50:41,207 | INFO | NO SIGNAL [DOGSUSDT]: No setup
2026-06-04 16:50:41,212 | INFO | NO SIGNAL [NEIROUSDT]: No setup
2026-06-04 16:50:41,215 | INFO | SIGNAL: 1000PEPEUSDT -> SHORT (Score:67.2)
2026-06-04 16:50:41,219 | INFO | SIGNAL: PUMPUSDT -> SHORT (Score:83.5)
2026-06-04 16:50:41,222 | INFO | SIGNAL: HMSTRUSDT -> SHORT (Score:71.1)
2026-06-04 16:50:41,228 | INFO | NO SIGNAL [MEMEUSDT]: No setup
2026-06-04 16:50:41,228 | INFO | === 7 signals | 0 skipped | 0 errors ===
2026-06-04 16:50:42,740 | INFO | Sent 5 FREE signals
2026-06-04 16:50:54,839 | INFO | Sent 5 VIP signals
2026-06-04 16:50:54,856 | INFO | CYCLE COMPLETE
2026-06-04 16:50:54,857 | INFO | ==================================================
2026-06-04 17:23:52,824 | INFO | ==================================================
2026-06-04 17:23:52,826 | INFO | CYCLE START: 2026-06-04 17:23:52.826249
2026-06-04 17:23:52,827 | INFO | ==================================================
2026-06-04 17:23:52,827 | INFO | === FETCHING CRYPTO (Binance) ===
2026-06-04 17:23:53,646 | INFO |   OK BTCUSDT
2026-06-04 17:23:54,220 | INFO |   OK ETHUSDT
2026-06-04 17:23:54,780 | INFO |   OK SOLUSDT
2026-06-04 17:23:55,335 | INFO |   OK SUIUSDT
2026-06-04 17:23:55,920 | INFO |   OK DOGEUSDT
2026-06-04 17:23:56,505 | INFO |   OK UNIUSDT
2026-06-04 17:23:57,092 | INFO |   OK ZECUSDT
2026-06-04 17:24:02,648 | INFO | CRYPTO COUNT: 14
2026-06-04 17:24:02,649 | INFO | --- Analyzing CRYPTO ---
2026-06-04 17:24:02,659 | INFO | SIGNAL: BTCUSDT -> SHORT (Score:70.5)
2026-06-04 17:24:02,669 | INFO | NO SIGNAL [ETHUSDT]: No setup
2026-06-04 17:24:02,678 | INFO | SIGNAL: SOLUSDT -> SHORT (Score:73.5)
2026-06-04 17:24:02,683 | INFO | SIGNAL: SUIUSDT -> SHORT (Score:80.0)
2026-06-04 17:24:02,687 | INFO | NO SIGNAL [DOGEUSDT]: No setup
2026-06-04 17:24:02,692 | INFO | SIGNAL: UNIUSDT -> SHORT (Score:76.0)
2026-06-04 17:24:02,696 | INFO | NO SIGNAL [ZECUSDT]: No setup
2026-06-04 17:24:02,701 | INFO | NO SIGNAL [1000SATSUSDT]: No setup
2026-06-04 17:24:02,705 | INFO | NO SIGNAL [DOGSUSDT]: No setup
2026-06-04 17:24:02,710 | INFO | NO SIGNAL [NEIROUSDT]: No setup
2026-06-04 17:24:02,714 | INFO | SIGNAL: 1000PEPEUSDT -> SHORT (Score:76.0)
2026-06-04 17:24:02,719 | INFO | SIGNAL: PUMPUSDT -> SHORT (Score:84.7)
2026-06-04 17:24:02,724 | INFO | SIGNAL: HMSTRUSDT -> SHORT (Score:69.7)
2026-06-04 17:24:02,729 | INFO | NO SIGNAL [MEMEUSDT]: No setup
2026-06-04 17:24:02,729 | INFO | === 7 signals | 0 skipped | 0 errors ===
2026-06-04 17:24:04,245 | INFO | Sent 5 FREE signals
2026-06-04 17:24:07,109 | INFO | Sent 5 VIP signals
2026-06-04 17:26:59,429 | INFO | Git auto push OK
2026-06-04 17:26:59,432 | INFO | CYCLE COMPLETE
2026-06-04 17:26:59,433 | INFO | ==================================================
2026-06-04 17:29:45,314 | INFO | ==================================================
2026-06-04 17:29:45,314 | INFO | CYCLE START: 2026-06-04 17:29:45.314879
2026-06-04 17:29:45,315 | INFO | ==================================================
2026-06-04 17:29:45,315 | INFO | === FETCHING CRYPTO (Binance) ===
2026-06-04 17:29:46,628 | INFO |   OK BTCUSDT
2026-06-04 17:29:47,191 | INFO |   OK ETHUSDT
2026-06-04 17:29:47,772 | INFO |   OK SOLUSDT
2026-06-04 17:29:48,373 | INFO |   OK SUIUSDT
2026-06-04 17:29:48,939 | INFO |   OK DOGEUSDT
2026-06-04 17:29:49,496 | INFO |   OK UNIUSDT
2026-06-04 17:29:50,057 | INFO |   OK ZECUSDT
2026-06-04 17:29:54,805 | INFO | CRYPTO COUNT: 14
2026-06-04 17:29:54,806 | INFO | --- Analyzing CRYPTO ---
2026-06-04 17:29:54,814 | INFO | SIGNAL: BTCUSDT -> SHORT (Score:68.5)
2026-06-04 17:29:54,821 | INFO | NO SIGNAL [ETHUSDT]: No setup
2026-06-04 17:29:54,826 | INFO | SIGNAL: SOLUSDT -> SHORT (Score:73.3)
2026-06-04 17:29:54,830 | INFO | SIGNAL: SUIUSDT -> SHORT (Score:78.5)
2026-06-04 17:29:54,835 | INFO | NO SIGNAL [DOGEUSDT]: No setup
2026-06-04 17:29:54,840 | INFO | SIGNAL: UNIUSDT -> SHORT (Score:75.8)
2026-06-04 17:29:54,845 | INFO | NO SIGNAL [ZECUSDT]: No setup
2026-06-04 17:29:54,849 | INFO | NO SIGNAL [1000SATSUSDT]: No setup
2026-06-04 17:29:54,854 | INFO | NO SIGNAL [DOGSUSDT]: No setup
2026-06-04 17:29:54,859 | INFO | NO SIGNAL [NEIROUSDT]: No setup
2026-06-04 17:29:54,865 | INFO | SIGNAL: 1000PEPEUSDT -> SHORT (Score:74.5)
2026-06-04 17:29:54,870 | INFO | SIGNAL: PUMPUSDT -> SHORT (Score:83.3)
2026-06-04 17:29:54,875 | INFO | SIGNAL: HMSTRUSDT -> SHORT (Score:68.5)
2026-06-04 17:29:54,881 | INFO | NO SIGNAL [MEMEUSDT]: No setup
2026-06-04 17:29:54,882 | INFO | === 7 signals | 0 skipped | 0 errors ===
2026-06-04 17:29:56,396 | INFO | Sent 5 FREE signals
2026-06-04 17:29:59,237 | INFO | Sent 5 VIP signals
2026-06-04 17:32:15,977 | INFO | Git auto push OK
2026-06-04 17:32:15,978 | INFO | CYCLE COMPLETE
2026-06-04 17:32:15,979 | INFO | ==================================================
2026-06-04 18:32:15,990 | INFO | ==================================================
2026-06-04 18:32:16,007 | INFO | CYCLE START: 2026-06-04 18:32:16.007037
2026-06-04 18:32:16,007 | INFO | ==================================================
2026-06-04 18:32:16,008 | INFO | === FETCHING CRYPTO (Binance) ===
2026-06-04 18:32:17,017 | INFO |   OK BTCUSDT
2026-06-04 18:32:17,614 | INFO |   OK ETHUSDT
2026-06-04 18:32:18,185 | INFO |   OK SOLUSDT
2026-06-04 18:32:18,781 | INFO |   OK SUIUSDT
2026-06-04 18:32:19,389 | INFO |   OK DOGEUSDT
2026-06-04 18:32:19,949 | INFO |   OK UNIUSDT
2026-06-04 18:32:20,542 | INFO |   OK ZECUSDT
2026-06-04 18:32:25,954 | INFO | CRYPTO COUNT: 14
2026-06-04 18:32:25,957 | INFO | --- Analyzing CRYPTO ---
2026-06-04 18:32:25,974 | INFO | SIGNAL: BTCUSDT -> SHORT (Score:73.5)
2026-06-04 18:32:25,980 | INFO | NO SIGNAL [ETHUSDT]: No setup
2026-06-04 18:32:25,985 | INFO | SIGNAL: SOLUSDT -> SHORT (Score:78.7)
2026-06-04 18:32:25,993 | INFO | SIGNAL: SUIUSDT -> SHORT (Score:73.5)
2026-06-04 18:32:25,998 | INFO | NO SIGNAL [DOGEUSDT]: No setup
2026-06-04 18:32:26,003 | INFO | SIGNAL: UNIUSDT -> SHORT (Score:85.2)
2026-06-04 18:32:26,011 | INFO | NO SIGNAL [ZECUSDT]: No setup
2026-06-04 18:32:26,017 | INFO | NO SIGNAL [1000SATSUSDT]: No setup
2026-06-04 18:32:26,025 | INFO | NO SIGNAL [DOGSUSDT]: No setup
2026-06-04 18:32:26,030 | INFO | NO SIGNAL [NEIROUSDT]: No setup
2026-06-04 18:32:26,036 | INFO | SIGNAL: 1000PEPEUSDT -> SHORT (Score:85.2)
2026-06-04 18:32:26,044 | INFO | SIGNAL: PUMPUSDT -> SHORT (Score:80.0)
2026-06-04 18:32:26,049 | INFO | SIGNAL: HMSTRUSDT -> SHORT (Score:74.5)
2026-06-04 18:32:26,056 | INFO | NO SIGNAL [MEMEUSDT]: No setup
2026-06-04 18:32:26,058 | INFO | === 7 signals | 0 skipped | 0 errors ===
2026-06-04 18:32:27,653 | INFO | Sent 5 FREE signals
2026-06-04 18:32:30,564 | INFO | Sent 5 VIP signals
2026-06-04 22:59:42,247 | INFO | Git auto push OK
2026-06-04 22:59:42,254 | INFO | CYCLE COMPLETE
2026-06-04 22:59:42,255 | INFO | ==================================================
2026-06-04 23:59:42,283 | INFO | ==================================================
2026-06-04 23:59:42,294 | INFO | CYCLE START: 2026-06-04 23:59:42.292594
2026-06-04 23:59:42,295 | INFO | ==================================================
2026-06-04 23:59:42,298 | INFO | === FETCHING CRYPTO (Binance) ===
2026-06-04 23:59:43,287 | INFO |   OK BTCUSDT
2026-06-04 23:59:43,837 | INFO |   OK ETHUSDT
2026-06-04 23:59:44,369 | INFO |   OK SOLUSDT
2026-06-04 23:59:44,953 | INFO |   OK SUIUSDT
2026-06-04 23:59:45,507 | INFO |   OK DOGEUSDT
2026-06-04 23:59:46,077 | INFO |   OK UNIUSDT
2026-06-04 23:59:46,626 | INFO |   OK ZECUSDT
2026-06-04 23:59:51,584 | INFO | CRYPTO COUNT: 14
2026-06-04 23:59:51,585 | INFO | --- Analyzing CRYPTO ---
2026-06-04 23:59:51,599 | INFO | NO SIGNAL [BTCUSDT]: No setup
2026-06-04 23:59:51,604 | INFO | NO SIGNAL [ETHUSDT]: No setup
2026-06-04 23:59:51,609 | INFO | NO SIGNAL [SOLUSDT]: No setup
2026-06-04 23:59:51,615 | INFO | NO SIGNAL [SUIUSDT]: No setup
2026-06-04 23:59:51,619 | INFO | SIGNAL: DOGEUSDT -> SHORT (Score:65.8)
2026-06-04 23:59:51,622 | INFO | SIGNAL: UNIUSDT -> SHORT (Score:88.0)
2026-06-04 23:59:51,631 | INFO | NO SIGNAL [ZECUSDT]: No setup
2026-06-04 23:59:51,636 | INFO | SIGNAL: 1000SATSUSDT -> LONG (Score:88.3)
2026-06-04 23:59:51,641 | INFO | NO SIGNAL [DOGSUSDT]: No setup
2026-06-04 23:59:51,648 | INFO | SIGNAL: NEIROUSDT -> SHORT (Score:72.5)
2026-06-04 23:59:51,653 | INFO | NO SIGNAL [1000PEPEUSDT]: No setup
2026-06-04 23:59:51,657 | INFO | NO SIGNAL [HMSTRUSDT]: No setup
2026-06-04 23:59:51,664 | INFO | NO SIGNAL [PUMPUSDT]: No setup
2026-06-04 23:59:51,669 | INFO | NO SIGNAL [MEMEUSDT]: No setup
2026-06-04 23:59:51,669 | INFO | === 4 signals | 0 skipped | 0 errors ===
2026-06-04 23:59:53,155 | INFO | Sent 4 FREE signals
2026-06-05 00:00:06,154 | INFO | Sent 4 VIP signals
2026-06-05 00:00:09,509 | INFO | Git auto push OK
2026-06-05 00:00:09,513 | INFO | CYCLE COMPLETE
2026-06-05 00:00:09,513 | INFO | ==================================================
2026-06-05 01:00:09,545 | INFO | ==================================================
2026-06-05 01:00:09,565 | INFO | CYCLE START: 2026-06-05 01:00:09.564010
2026-06-05 01:00:09,566 | INFO | ==================================================
2026-06-05 01:00:09,567 | INFO | === FETCHING CRYPTO (Binance) ===
2026-06-05 01:00:10,687 | INFO |   OK BTCUSDT
2026-06-05 01:00:11,251 | INFO |   OK ETHUSDT
2026-06-05 01:00:11,824 | INFO |   OK SOLUSDT
2026-06-05 01:00:12,402 | INFO |   OK SUIUSDT
2026-06-05 01:00:12,984 | INFO |   OK DOGEUSDT
2026-06-05 01:00:13,516 | INFO |   OK UNIUSDT
2026-06-05 01:00:14,080 | INFO |   OK ZECUSDT
2026-06-05 01:00:19,312 | INFO | CRYPTO COUNT: 14
2026-06-05 01:00:19,313 | INFO | --- Analyzing CRYPTO ---
2026-06-05 01:00:19,327 | INFO | NO SIGNAL [BTCUSDT]: No setup
2026-06-05 01:00:19,338 | INFO | NO SIGNAL [ETHUSDT]: No setup
2026-06-05 01:00:19,344 | INFO | SIGNAL: SOLUSDT -> SHORT (Score:83.0)
2026-06-05 01:00:19,350 | INFO | NO SIGNAL [SUIUSDT]: No setup
2026-06-05 01:00:19,355 | INFO | NO SIGNAL [DOGEUSDT]: No setup
2026-06-05 01:00:19,360 | INFO | SIGNAL: UNIUSDT -> SHORT (Score:86.6)
2026-06-05 01:00:19,367 | INFO | NO SIGNAL [ZECUSDT]: No setup
2026-06-05 01:00:19,370 | INFO | NO SIGNAL [1000SATSUSDT]: No setup
2026-06-05 01:00:19,374 | INFO | NO SIGNAL [DOGSUSDT]: No setup
2026-06-05 01:00:19,380 | INFO | NO SIGNAL [NEIROUSDT]: No setup
2026-06-05 01:00:19,384 | INFO | NO SIGNAL [1000PEPEUSDT]: No setup
2026-06-05 01:00:19,387 | INFO | SIGNAL: HMSTRUSDT -> LONG (Score:75.0)
2026-06-05 01:00:19,391 | INFO | NO SIGNAL [PUMPUSDT]: No setup
2026-06-05 01:00:19,395 | INFO | NO SIGNAL [MEMEUSDT]: No setup
2026-06-05 01:00:19,397 | INFO | === 3 signals | 0 skipped | 0 errors ===
2026-06-05 01:00:20,887 | INFO | Sent 3 FREE signals
2026-06-05 01:00:23,761 | INFO | Sent 3 VIP signals
2026-06-05 01:00:26,976 | INFO | Git auto push OK
2026-06-05 01:00:26,979 | INFO | CYCLE COMPLETE
2026-06-05 01:00:26,979 | INFO | ==================================================
2026-06-05 02:00:26,988 | INFO | ==================================================
2026-06-05 02:00:27,008 | INFO | CYCLE START: 2026-06-05 02:00:27.007981
2026-06-05 02:00:27,010 | INFO | ==================================================
2026-06-05 02:00:27,011 | INFO | === FETCHING CRYPTO (Binance) ===
2026-06-05 02:00:27,964 | INFO |   OK BTCUSDT
2026-06-05 02:00:28,537 | INFO |   OK ETHUSDT
2026-06-05 02:00:29,089 | INFO |   OK SOLUSDT
2026-06-05 02:00:29,674 | INFO |   OK SUIUSDT
2026-06-05 02:00:30,197 | INFO |   OK DOGEUSDT
2026-06-05 02:00:30,743 | INFO |   OK UNIUSDT
2026-06-05 02:00:31,283 | INFO |   OK ZECUSDT
2026-06-05 02:00:36,601 | INFO | CRYPTO COUNT: 14
2026-06-05 02:00:36,603 | INFO | --- Analyzing CRYPTO ---
2026-06-05 02:00:36,623 | INFO | NO SIGNAL [BTCUSDT]: No setup
2026-06-05 02:00:36,630 | INFO | NO SIGNAL [ETHUSDT]: No setup
2026-06-05 02:00:36,638 | INFO | SIGNAL: SOLUSDT -> SHORT (Score:87.4)
2026-06-05 02:00:36,644 | INFO | NO SIGNAL [SUIUSDT]: No setup
2026-06-05 02:00:36,657 | INFO | NO SIGNAL [DOGEUSDT]: No setup
2026-06-05 02:00:36,666 | INFO | SIGNAL: UNIUSDT -> LONG (Score:75.3)
2026-06-05 02:00:36,677 | INFO | NO SIGNAL [ZECUSDT]: No setup
2026-06-05 02:00:36,685 | INFO | SIGNAL: 1000SATSUSDT -> LONG (Score:89.8)
2026-06-05 02:00:36,692 | INFO | NO SIGNAL [DOGSUSDT]: No setup
2026-06-05 02:00:36,704 | INFO | NO SIGNAL [NEIROUSDT]: No setup
2026-06-05 02:00:36,710 | INFO | NO SIGNAL [1000PEPEUSDT]: No setup
2026-06-05 02:00:36,720 | INFO | NO SIGNAL [HMSTRUSDT]: No setup
2026-06-05 02:00:36,731 | INFO | NO SIGNAL [PUMPUSDT]: No setup
2026-06-05 02:00:36,740 | INFO | NO SIGNAL [MEMEUSDT]: No setup
2026-06-05 02:00:36,742 | INFO | === 3 signals | 0 skipped | 0 errors ===
2026-06-05 02:00:38,238 | INFO | Sent 3 FREE signals
2026-06-05 02:00:41,088 | INFO | Sent 3 VIP signals
